"date","actual","fitted"
2011-01-27,0.0043752875783886,0.00437518757526088
2011-01-28,0.0043752828233976,0.00437526785778752
2011-01-29,0.0043752748395083,0.00437526324746257
2011-01-30,0.0043751295538122,0.00437525401429946
2011-01-31,0.0043751896319928,0.00437511984187189
2011-02-01,0.0043752497101734,0.00437518282850921
2011-02-02,0.0043752448677317,0.00437521444728874
2011-02-03,0.0043752379310419,0.00437522542767732
2011-02-04,0.00437523218691013,0.00437522162777766
2011-02-05,0.00437522644277837,0.00437520897578731
2011-02-06,0.0043752206986466,0.00437520602962053
2011-02-07,0.0043752117987263,0.00437519991604036
2011-02-08,0.0043752091377505,0.00437519026177013
2011-02-09,0.0043751994960964,0.00437518780086243
2011-02-10,0.0043751912069002,0.00437517756293247
2011-02-11,0.0043751829612787,0.00437517010492248
2011-02-12,0.0043751734505331,0.00437516133332137
2011-02-13,0.0043751672991291,0.00437515206723979
2011-02-14,0.0043751567412211,0.0043751459473692
2011-02-15,0.0043751464451293,0.00437513529741749
2011-02-16,0.0043751375887172,0.00437512585367727
2011-02-17,0.0043751337058799,0.00437511690706096
2011-02-18,0.004375123889676,0.00437511274052303
2011-02-19,0.0043751086200495,0.00437510310526886
2011-02-20,0.0043750917359918,0.00437508930410832
2011-02-21,0.0043750542150909,0.00437507304107074
2011-02-22,0.0043750437007454,0.00437503812303937
2011-02-23,0.0043750323575902,0.0043750292243001
2011-02-24,0.00437502592253525,0.00437501526589551
2011-02-25,0.0043750194874803,0.00437501120701709
2011-02-26,0.0043750039997537,0.00437500458311147
2011-02-27,0.0043749946635383,0.00437499037794386
2011-02-28,0.0043749859380988,0.00437498265472782
2011-03-01,0.0043749772127346,0.00437497353615768
2011-03-02,0.0043749685745181,0.00437496610576733
2011-03-03,0.00437495915102935,0.00437495836211858
2011-03-04,0.0043749497275406,0.0043749497221859
2011-03-05,0.0043749394314642,0.00437494141238889
2011-03-06,0.004374944601887,0.0043749322497891
2011-03-07,0.0043749497723098,0.0043749372780042
2011-03-08,0.0043749369460146,0.00437494123020559
2011-03-09,0.0043749273915663,0.00437493104052494
2011-03-10,0.0043747597674279,0.00437492249029444
2011-03-11,0.0043749100278493,0.00437477010706051
2011-03-12,0.0043749001680927,0.00437491640612947
2011-03-13,0.00437489118083,0.00437487701301415
2011-03-14,0.0043748822372169,0.0043749033176342
2011-03-15,0.0043748738170798,0.00437488257467209
2011-03-16,0.0043748594200186,0.00437487372725457
2011-03-17,0.0043748438011201,0.00437486563365194
2011-03-18,0.0043748319343746,0.00437484974068929
2011-03-19,0.0043748191950029,0.00437483925819811
2011-03-20,0.0043748086807732,0.00437482841011667
2011-03-21,0.0043747990827432,0.00437481930230968
2011-03-22,0.004374788132181,0.00437481095166269
2011-03-23,0.0043747757854959,0.00437480175317688
2011-03-24,0.0043746498710931,0.00437479060353836
2011-03-25,0.0043747496961818,0.00437467770984955
2011-03-26,0.0043747418868847,0.00437477540607603
2011-03-27,0.0043747335977034,0.00437474716178998
2011-03-28,0.0043747238251777,0.00437476447818837
2011-03-29,0.0043754337210969,0.00437475190876093
2011-03-30,0.0043754253446998,0.0043753953966446
2011-03-31,0.0043754253448399,0.00437535088126789
2011-04-01,0.0043754093771799,0.00437544850962546
2011-04-02,0.0043754044475911,0.00437537813122093
2011-04-03,0.0043753952858471,0.00437537839903548
2011-04-04,0.0043753842480393,0.00437537796198006
2011-04-05,0.004375377878481,0.00437535813412151
2011-04-06,0.0043753696766877,0.00437535259093072
2011-04-07,0.0043753613438658,0.00437534372003725
2011-04-08,0.0043753534473186,0.00437533362429278
2011-04-09,0.0043753415806338,0.00437532498551637
2011-04-10,0.0043753309354528,0.00437531244796873
2011-04-11,0.0043753207702165,0.00437530127667371
2011-04-12,0.0043753112594634,0.00437529009340902
2011-04-13,0.0043752992619547,0.00437527992481704
2011-04-14,0.0043752892712182,0.00437526749322705
2011-04-15,0.0043752321174286,0.00437525685775995
2011-04-16,0.0043752255296681,0.00437520336431281
2011-04-17,0.0043752128777419,0.00437519885510428
2011-04-18,0.0043752038032887,0.00437517941577288
2011-04-19,0.0043751965175612,0.00437517423328743
2011-04-20,0.0043751839093296,0.00437516563088659
2011-04-21,0.0043751750094588,0.00437515264341573
2011-04-22,0.0043751747477028,0.00437514479019659
2011-04-23,0.0043751619215755,0.00437514280933222
2011-04-24,0.0043751555085233,0.00437513017904924
2011-04-25,0.0043751487027031,0.00437512512384481
2011-04-26,0.0043751425951834,0.00437511677677808
2011-04-27,0.0043751356586019,0.00437511119788917
2011-04-28,0.0043751263660725,0.0043751043235598
2011-04-29,0.0043751192112402,0.00437509523738002
2011-04-30,0.0043751113583372,0.00437508840107543
2011-05-01,0.0043750992734402,0.00437508044484036
2011-05-02,0.0043751109667871,0.0043750693045396
2011-05-03,0.0043751038555237,0.0043750796316308
2011-05-04,0.0043750935594584,0.00437507103550125
2011-05-05,0.0043750806893622,0.00437506430988477
2011-05-06,0.0043750702624114,0.00437505098540423
2011-05-07,0.0043750612315392,0.00437504112124723
2011-05-08,0.0043750481869067,0.00437503262960651
2011-05-09,0.0043750368873893,0.00437502036026471
2011-05-10,0.0043750284672886,0.00437501020588486
2011-05-11,0.0043750190001245,0.00437500194125067
2011-05-12,0.0043750046466549,0.00437499313534395
2011-05-13,0.0043749939578894,0.00437498030471015
2011-05-14,0.004374983050954,0.00437497067524682
2011-05-15,0.0043749745000754,0.0043749602014897
2011-05-16,0.00437496378227503,0.00437495280252263
2011-05-17,0.00437495306447467,0.00437494296240498
2011-05-18,0.0043749423466743,0.00437493360950664
2011-05-19,0.0043749307854322,0.00437492393668321
2011-05-20,0.0043748888147188,0.00437491354317744
2011-05-21,0.0043748810928917,0.00437487590447771
2011-05-22,0.0043748748980966,0.00437487087519967
2011-05-23,0.0043748685722396,0.00437486123752592
2011-05-24,0.0043748605013808,0.00437485851089962
2011-05-25,0.0043748572296745,0.00437485169854915
2011-05-26,0.0043748496385873,0.00437484893794939
2011-05-27,0.0043748406951423,0.00437484275269217
2011-05-28,0.0043748347620203,0.00437483591696113
2011-05-29,0.004374832842413,0.00437483098727134
2011-05-30,0.0043748177038957,0.00437482975497389
2011-05-31,0.0043748092839413,0.00437481689781651
2011-06-01,0.004374800994787,0.00437481109710239
2011-06-02,0.0043746783086808,0.00437480262429994
2011-06-03,0.0043749575814715,0.00437469409261124
2011-06-04,0.0043752368542622,0.00437495501299159
2011-06-05,0.00437521298964,0.00437517595254365
2011-06-06,0.0043752088888272,0.00437518715316146
2011-06-07,0.0043751990727351,0.00437520159354553
2011-06-08,0.004375175775254,0.0043751677655484
2011-06-09,0.0043751586731122,0.0043751556850081
2011-06-10,0.0043751459338264,0.00437514028139969
2011-06-11,0.0043751379501074,0.00437512323234847
2011-06-12,0.0043751276977248,0.00437511714999301
2011-06-13,0.0043751178379409,0.00437510671840898
2011-06-14,0.0043751101159783,0.00437509693288642
2011-06-15,0.004375100648906,0.00437508937781657
2011-06-16,0.0043750982494216,0.00437508000905736
2011-06-17,0.0043750837216278,0.00437507747708914
2011-06-18,0.0043750753453616,0.00437506326117257
2011-06-19,0.0043750672744575,0.00437505643320006
2011-06-20,0.0043750611231819,0.00437504739973253
2011-06-21,0.0043750523106698,0.00437504187915432
2011-06-22,0.004375043105471,0.00437503352964318
2011-06-23,0.0043750382630588,0.00437502501861735
2011-06-24,0.0043750282724396,0.00437502025551677
2011-06-25,0.0043750228192843,0.00437501070632861
2011-06-26,0.0043750160134796,0.00437500621586285
2011-06-27,0.0043750037105491,0.00437499918876491
2011-06-28,0.00437499856259575,0.0043749883856328
2011-06-29,0.0043749934146424,0.00437498390860963
2011-06-30,0.004374977621634,0.00437497825557006
2011-07-01,0.004374967718349,0.00437496459247903
2011-07-02,0.0043749572042294,0.00437495622996849
2011-07-03,0.0043749507038116,0.00437494552788562
2011-07-04,0.00437493997154665,0.00437494035060778
2011-07-05,0.0043749292392817,0.00437493044999601
2011-07-06,0.0043749170236399,0.00437492131063732
2011-07-07,0.0043749096070293,0.00437491025030646
2011-07-08,0.004374854154463,0.004374903735919
2011-07-09,0.0043748458217975,0.00437485357789031
2011-07-10,0.0043748352204714,0.00437484948637523
2011-07-11,0.0043748260152659,0.00437483378213709
2011-07-12,0.0043748171590509,0.0043748297369587
2011-07-13,0.0043748083028359,0.0043748219178934
2011-07-14,0.0043748045076384,0.00437481394893037
2011-07-15,0.0043747970038441,0.00437481192004493
2011-07-16,0.0043747897183386,0.00437480549771632
2011-07-17,0.0043747887585615,0.00437480034971928
2011-07-18,0.004374781342074,0.00437480016811461
2011-07-19,0.00437477071904845,0.00437479402296331
2011-07-20,0.0043747600960229,0.00437478633085795
2011-07-21,0.0043747600964274,0.00437477738775192
2011-07-22,0.0043746009365735,0.00437477780675822
2011-07-23,0.0043747679944332,0.00437463502297879
2011-07-24,0.0043747579166264,0.00437479690438081
2011-07-25,0.0043747466171487,0.00437475748390344
2011-07-26,0.004374735753918,0.0043747843838073
2011-07-27,0.0043747237999998,0.004374761620259
2011-07-28,0.004374586149263,0.00437474997004022
2011-07-29,0.004374703993213,0.00437463202290893
2011-07-30,0.004374694220769,0.00437474405574767
2011-07-31,0.0043746552599587,0.00437471194774864
2011-08-01,0.0043746429569837,0.00437470605051076
2011-08-02,0.0043746274255023,0.00437468706188601
2011-08-03,0.004374623149985,0.00437466936364448
2011-08-04,0.004374607836991,0.00437467293229705
2011-08-05,0.00437496442093195,0.00437465830357737
2011-08-06,0.0043753210048729,0.00437498396641421
2011-08-07,0.0043753196969874,0.00437528594531415
2011-08-08,0.004375312236985,0.00437531514075651
2011-08-09,0.0043753026391413,0.00437533077522904
2011-08-10,0.0043752933466797,0.00437529651186909
2011-08-11,0.0043751828334474,0.00437529443397764
2011-08-12,0.0043752824840248,0.00437519461802316
2011-08-13,0.0043752756348144,0.00437528548540445
2011-08-14,0.0043752687855065,0.00437525923174382
2011-08-15,0.0043752628523192,0.00437527407973732
2011-08-16,0.0043752587953974,0.00437525818891019
2011-08-17,0.0043752514226376,0.00437525227462023
2011-08-18,0.0043752438316572,0.0043752471648865
2011-08-19,0.0043752532560654,0.00437523758140716
2011-08-20,0.0043752427419622,0.00437524469385425
2011-08-21,0.0043752330131404,0.00437523323570414
2011-08-22,0.0043752262945286,0.00437522539543129
2011-08-23,0.0043752152350846,0.00437521647838677
2011-08-24,0.0043752041756406,0.00437520522258401
2011-08-25,0.0043751974572034,0.00437519470656382
2011-08-26,0.0043751573184825,0.00437518676677538
2011-08-27,0.0043751326248125,0.00437514914695082
2011-08-28,0.0043751050954533,0.00437512801886278
2011-08-29,0.0043750969371222,0.00437509847119235
2011-08-30,0.0043750747739863,0.00437509147516459
2011-08-31,0.0043750544869689,0.00437506913251571
2011-09-01,0.0043750442782811,0.00437505177470317
2011-09-02,0.0043750376472335,0.00437504080107845
2011-09-03,0.0043750321505528,0.00437503366476248
2011-09-04,0.0043750267409804,0.00437502893510011
2011-09-05,0.0043750250400903,0.00437502363415043
2011-09-06,0.0043750253025775,0.00437502187896957
2011-09-07,0.0043750183660551,0.00437502179224842
2011-09-08,0.0043750129132388,0.00437501551902422
2011-09-09,0.0043750161860341,0.00437501106218755
2011-09-10,0.004375015444793,0.00437501328926536
2011-09-11,0.0043750072430679,0.00437501220404626
2011-09-12,0.0043750023135793,0.0043750056761507
2011-09-13,0.0043749973839124,0.0043750011983101
2011-09-14,0.0043749890948546,0.00437499599332918
2011-09-15,0.0043749852560026,0.00437498888116042
2011-09-16,0.0043749742183164,0.00437498551210592
2011-09-17,0.0043749615663407,0.00437497494255511
2011-09-18,0.0043749517064968,0.00437496437667408
2011-09-19,0.00437493946896415,0.00437495501742186
2011-09-20,0.0043749272314315,0.00437494370681205
2011-09-21,0.0043749133577825,0.00437493317733846
2011-09-22,0.004374902079983,0.00437492048012305
2011-09-23,0.0043748908021835,0.00437491055184842
2011-09-24,0.0043748603934018,0.0043749003164632
2011-09-25,0.0043748299846201,0.00437487325317183
2011-09-26,0.004374825709688,0.00437484725308891
2011-09-27,0.0043748117705862,0.0043748422530905
2011-09-28,0.0043747978314844,0.00437482863541529
2011-09-29,0.0043747567333491,0.00437481908013118
2011-09-30,0.00437475463980707,0.00437478152950666
2011-10-01,0.00437475254626503,0.00437478196045683
2011-10-02,0.004374750452723,0.00437477680352949
2011-10-03,0.0043747426436549,0.00437477864669039
2011-10-04,0.0043747451751673,0.00437477252010185
2011-10-05,0.00437474220886575,0.00437477585383107
2011-10-06,0.0043747392425642,0.00437477378647667
2011-10-07,0.004374738283326,0.00437477337636968
2011-10-08,0.0043747376294933,0.00437477327776534
2011-10-09,0.0043747273334727,0.00437477381927284
2011-10-10,0.004374726330606,0.0043747660640486
2011-10-11,0.0043747213570873,0.00437476692508299
2011-10-12,0.0043747154244126,0.00437476243986609
2011-10-13,0.0043747049976123,0.00437475937341462
2011-10-14,0.0043747019436305,0.00437475097824071
2011-10-15,0.0043746871106038,0.00437474958123479
2011-10-16,0.0043746832713721,0.00437473688229621
2011-10-17,0.0043754520670739,0.00437473728751017
2011-10-18,0.0043754339175013,0.0043754307495246
2011-10-19,0.0043754157679287,0.00437537172214543
2011-10-20,0.00437539803342915,0.00437546291161807
2011-10-21,0.0043753802989296,0.00437538586960175
2011-10-22,0.0043753660326902,0.00437537285814957
2011-10-23,0.0043753457893786,0.00437537068379913
2011-10-24,0.0043753294289007,0.00437534001166941
2011-10-25,0.0043753074838527,0.00437532612393412
2011-10-26,0.0043752861060699,0.00437530469914099
2011-10-27,0.0043752696585252,0.00437528250973412
2011-10-28,0.0043752560468413,0.0043752658754593
2011-10-29,0.0043752546072867,0.00437525147967317
2011-10-30,0.0043752506818608,0.00437524850432687
2011-10-31,0.0043752426548048,0.00437524283844689
2011-11-01,0.0043752454478574,0.00437523513703229
2011-11-02,0.0043752368970865,0.00437523627551229
2011-11-03,0.00437523844672695,0.00437522630712189
2011-11-04,0.0043752399963674,0.00437522809040675
2011-11-05,0.0043752368987309,0.00437522671540889
2011-11-06,0.0043752346962272,0.00437522348442005
2011-11-07,0.0043752324937235,0.00437522074260147
2011-11-08,0.00437522305576937,0.00437521700339708
2011-11-09,0.00437521361781523,0.00437520757557859
2011-11-10,0.0043752041798611,0.00437519834548658
2011-11-11,0.00437520740945,0.00437518807941829
2011-11-12,0.0043752106390389,0.00437518995020081
2011-11-13,0.0043751871665046,0.00437519099202555
2011-11-14,0.00437511690915137,0.00437516952229755
2011-11-15,0.00437504665179813,0.00437510654903898
2011-11-16,0.0043749763944449,0.00437504269539723
2011-11-17,0.0043751988614042,0.0043749752326293
2011-11-18,0.0043751145264145,0.00437517487478221
2011-11-19,0.00437505113327235,0.00437508038555699
2011-11-20,0.0043749877401302,0.00437506240501958
2011-11-21,0.0043749886136149,0.00437497916252641
2011-11-22,0.00437499555123675,0.00437498173690069
2011-11-23,0.0043750024888586,0.00437498765994644
2011-11-24,0.004374996010767,0.00437499363842488
2011-11-25,0.0043749895326754,0.00437498866372022
2011-11-26,0.0043749711656048,0.00437498363420501
2011-11-27,0.0043749842549206,0.00437496622127838
2011-11-28,0.00437498024182147,0.00437497900071175
2011-11-29,0.00437497622872233,0.00437497272440025
2011-11-30,0.0043749722156232,0.00437497251639141
2011-12-01,0.00437496549735073,0.00437496767104393
2011-12-02,0.00437495877907827,0.00437496162573561
2011-12-03,0.0043749520608058,0.00437495630891691
2011-12-04,0.004374949094629,0.00437494995244542
2011-12-05,0.00437494510287595,0.00437494749588808
2011-12-06,0.0043749411111229,0.00437494392986738
2011-12-07,0.00437483038019215,0.00437494067167655
2011-12-08,0.0043747196492614,0.00437484081197527
2011-12-09,0.0043749191242749,0.00437474771432493
2011-12-10,0.0043748984882286,0.00437491963629857
2011-12-11,0.0043748843311308,0.00437488341560482
2011-12-12,0.004374870174033,0.00437490793715013
2011-12-13,0.0043748682111698,0.00437487630112191
2011-12-14,0.0043748509345118,0.00437487638005989
2011-12-15,0.0043748295567415,0.00437486493473314
2011-12-16,0.00437481559603675,0.00437484468616194
2011-12-17,0.004374801635332,0.00437483243879484
2011-12-18,0.0043747961385433,0.00437482015350603
2011-12-19,0.0043747906417546,0.00437481610090028
2011-12-20,0.0043747921261416,0.00437481133211523
2011-12-21,0.00437476053925505,0.00437481407359651
2011-12-22,0.0043747289523685,0.00437478603678838
2011-12-23,0.004374712548187,0.00437476092639873
2011-12-24,0.00437470478271335,0.00437474464690722
2011-12-25,0.0043746970172397,0.00437473783212288
2011-12-26,0.00437468925176605,0.00437473265309711
2011-12-27,0.0043746814862924,0.00437472697435197
2011-12-28,0.0043747476951328,0.0043747213163822
2011-12-29,0.0043748139039732,0.0043747826415774
2011-12-30,0.00437488766018647,0.00437483960232344
2011-12-31,0.00437496141639975,0.00437491348509968
2012-01-01,0.00437503517261302,0.00437498113158092
2012-01-02,0.0043751089288263,0.00437504994789403
2012-01-03,0.0043751303731634,0.00437511901018635
2012-01-04,0.0043751518175005,0.00437513964180104
2012-01-05,0.0043751732618376,0.00437516330032851
2012-01-06,0.0043751947061747,0.00437517948718385
2012-01-07,0.0043754485429161,0.00437519964622551
2012-01-08,0.0043752530848044,0.00437542840794796
2012-01-09,0.00437525511407945,0.0043752377012179
2012-01-10,0.0043752571433545,0.00437528341999514
2012-01-11,0.0043752497704823,0.00437523778547002
2012-01-12,0.0043752430957417,0.00437524636725801
2012-01-13,0.00437523152279055,0.00437524245388328
2012-01-14,0.0043752199498394,0.00437522359183203
2012-01-15,0.00437520837688825,0.00437521555128411
2012-01-16,0.0043751968039371,0.00437520324876185
2012-01-17,0.00437517374059143,0.00437519066481208
2012-01-18,0.00437515067724577,0.00437516921617171
2012-01-19,0.0043751276139001,0.00437514768134716
2012-01-20,0.00437510743578808,0.0043751247529986
2012-01-21,0.00437508725767605,0.00437510556236364
2012-01-22,0.00437506707956403,0.00437508611065487
2012-01-23,0.004375046901452,0.00437506701435171
2012-01-24,0.0043751008281242,0.00437504806143585
2012-01-25,0.0043750944591508,0.00437509592892665
2012-01-26,0.0043750880901774,0.004375085250889
2012-01-27,0.00437507567818338,0.00437508825116946
2012-01-28,0.00437506326618937,0.00437507181932453
2012-01-29,0.00437505085419535,0.00437506074890236
2012-01-30,0.00437503844220133,0.00437504972948897
2012-01-31,0.00437502603020732,0.00437503727453012
2012-02-01,0.0043750136182133,0.00437502583426711
2012-02-02,0.0043750116882812,0.00437501429547382
2012-02-03,0.0043750097583491,0.00437501211269424
2012-02-04,0.004375007828417,0.00437500953413302
2012-02-05,0.0043750058984849,0.00437500839580806
2012-02-06,0.00437496475659603,0.00437500642916758
2012-02-07,0.00437492361470717,0.00437496920238524
2012-02-08,0.0043748824728183,0.00437493443234273
2012-02-09,0.0043749585634385,0.00437489434650942
2012-02-10,0.00437493827635735,0.00437496301388244
2012-02-11,0.0043749179892762,0.00437493790777894
2012-02-12,0.0043749031125558,0.00437493390403704
2012-02-13,0.0043748905914853,0.00437491307656028
2012-02-14,0.0043748853125058,0.00437490198411232
2012-02-15,0.0043748676002437,0.00437489937190857
2012-02-16,0.00437485797331733,0.00437488210777802
2012-02-17,0.00437484834639097,0.0043748753188152
2012-02-18,0.0043748387194646,0.00437486584061503
2012-02-19,0.0043748269840728,0.00437485812678022
2012-02-20,0.00437483986989797,0.00437484827944877
2012-02-21,0.00437485275572313,0.0043748605101295
2012-02-22,0.0043748656415483,0.00437487134192986
2012-02-23,0.0043748491393771,0.00437488561536472
2012-02-24,0.0043748326372059,0.0043748714587809
2012-02-25,0.0043748161350347,0.00437485911362331
2012-02-26,0.0043747996328635,0.00437484312289389
2012-02-27,0.0043747815488606,0.00437482907679833
2012-02-28,0.0043747634648577,0.00437481356753671
2012-02-29,0.0043747795655995,0.00437479781659866
2012-03-01,0.0043745945773323,0.00437481284184346
2012-03-02,0.0043746680066506,0.00437464498651882
2012-03-03,0.0043747414359689,0.00437472654122317
2012-03-04,0.0043747374662849,0.00437476299281277
2012-03-05,0.0043747239707338,0.00437478090894206
2012-03-06,0.0043747104751827,0.00437477440961362
2012-03-07,0.0043746969796316,0.00437475547276674
2012-03-08,0.0043745502966783,0.00437474783316051
2012-03-09,0.0043745683166336,0.00437461671150547
2012-03-10,0.0043745863365889,0.00437464098155721
2012-03-11,0.0043747673140669,0.0043746394151639
2012-03-12,0.0043749482915449,0.00437481706991989
2012-03-13,0.0043751243365239,0.00437497204698757
2012-03-14,0.0043751528701874,0.00437514356636045
2012-03-15,0.0043752846759119,0.00437517378596199
2012-03-16,0.0043752807934976,0.00437530259601002
2012-03-17,0.0043752787866707,0.00437528551592713
2012-03-18,0.0043752771732932,0.00437530129478612
2012-03-19,0.0043752755599157,0.00437528955218337
2012-03-20,0.0043752715032432,0.00437528677147768
2012-03-21,0.0043752629960784,0.00437528411034915
2012-03-22,0.0043752598117377,0.00437527358449517
2012-03-23,0.0043752487740981,0.00437526966405175
2012-03-24,0.0043752375183105,0.00437525790598
2012-03-25,0.0043752361228144,0.00437524699863056
2012-03-26,0.0043752269614032,0.00437524380227365
2012-03-27,0.0043752195886727,0.00437523356863888
2012-03-28,0.0043752167098725,0.00437522685578463
2012-03-29,0.0043752095115301,0.00437522214048093
2012-03-30,0.0043751987358642,0.0043752142912441
2012-03-31,0.0043751777072116,0.00437520407922744
2012-04-01,0.0043751649243968,0.0043751836731966
2012-04-02,0.0043750397523611,0.00437517125194621
2012-04-03,0.004375144070425,0.00437505620457899
2012-04-04,0.0043751258781783,0.00437515629333901
2012-04-05,0.0043751093433633,0.00437511668786135
2012-04-06,0.0043750875294187,0.00437512583060208
2012-04-07,0.0043750712128511,0.00437509537589214
2012-04-08,0.0043750580374742,0.00437507911697721
2012-04-09,0.0043750477417735,0.00437506908583222
2012-04-10,0.004375038580307,0.00437505745796536
2012-04-11,0.0043750223513623,0.00437504883676177
2012-04-12,0.0043750149352087,0.00437503413664422
2012-04-13,0.0043750092639712,0.00437502726350781
2012-04-14,0.00437500533834,0.00437502083600015
2012-04-15,0.0043750028959801,0.00437501766498495
2012-04-16,0.0043750028967059,0.00437501523673394
2012-04-17,0.004374997269233,0.00437501504700163
2012-04-18,0.0043749915106405,0.00437500996962744
2012-04-19,0.0043749826545886,0.00437500523478349
2012-04-20,0.0043749736677529,0.00437499680903657
2012-04-21,0.0043749685202412,0.00437498892722686
2012-04-22,0.0043749618019685,0.00437498410073631
2012-04-23,0.0043749542982334,0.00437497777538286
2012-04-24,0.0043749474055442,0.00437497146927891
2012-04-25,0.0043749357571781,0.00437496521214284
2012-04-26,0.004374785279312,0.00437495458138708
2012-04-27,0.0043749159071421,0.00437481959068159
2012-04-28,0.004374900942956,0.00437494522189892
2012-04-29,0.0043748859787699,0.00437490476564392
2012-04-30,0.0043748749849139,0.00437492210864825
2012-05-01,0.004374860413444,0.0043749006557552
2012-05-02,0.004374842133436,0.00437488623272179
2012-05-03,0.0043748245080387,0.00437487478156285
2012-05-04,0.0043748099367058,0.00437485697839061
2012-05-05,0.0043747948851489,0.00437484425578144
2012-05-06,0.0043747796157811,0.00437483166705271
2012-05-07,0.0043747700615705,0.00437481836726028
2012-05-08,0.0043747518692667,0.00437481048270308
2012-05-09,0.00437474641632775,0.00437479458860841
2012-05-10,0.0043747409633888,0.00437479146650481
2012-05-11,0.0043747378666103,0.00437478608938487
2012-05-12,0.0043747396128052,0.00437478534092329
2012-05-13,0.0043747397662563,0.00437478793030954
2012-05-14,0.0043747399197074,0.00437478902230512
2012-05-15,0.0043747325031353,0.00437479103681837
2012-05-16,0.0043750961994141,0.00437478584699688
2012-05-17,0.0043754598956929,0.00437511587346575
2012-05-18,0.00437542983554275,0.00437542294877767
2012-05-19,0.0043753997753926,0.00437542604618087
2012-05-20,0.0043754282660438,0.00437542274363103
2012-05-21,0.0043754179265118,0.00437541910361295
2012-05-22,0.0043754099864984,0.00437541275030351
2012-05-23,0.0043753967238325,0.00437541161982441
2012-05-24,0.0043752357314353,0.00437539015482718
2012-05-25,0.0043753759575813,0.00437524531985349
2012-05-26,0.0043753600335838,0.00437537840672822
2012-05-27,0.0043753438477089,0.00437533181789748
2012-05-28,0.0043753297125213,0.00437534832293926
2012-05-29,0.004375308465868,0.00437532084254071
2012-05-30,0.004375299915114,0.00437529793711663
2012-05-31,0.00437527871205715,0.00437529334667268
2012-06-01,0.0043752575090003,0.00437526857627706
2012-06-02,0.00437524919826265,0.00437524961857296
2012-06-03,0.004375240887525,0.00437523994484483
2012-06-04,0.0043752293486083,0.0043752295580626
2012-06-05,0.0043752178096916,0.00437521886758237
2012-06-06,0.0043752079502321,0.00437520700649018
2012-06-07,0.004375204635154,0.00437519643018333
2012-06-08,0.0043752025420199,0.00437519225618785
2012-06-09,0.00437520254283835,0.00437518883807859
2012-06-10,0.0043752025436568,0.00437518806357016
2012-06-11,0.0043751988358153,0.00437518694181828
2012-06-12,0.0043752000575096,0.00437518271549416
2012-06-13,0.004375191856394,0.0043751830932464
2012-06-14,0.0043751851818565,0.00437517415241834
2012-06-15,0.0043751750168925,0.00437516813610254
2012-06-16,0.0043751669024795,0.00437515719571299
2012-06-17,0.0043751552977102,0.00437514922239898
2012-06-18,0.0043751418387073,0.00437513750015069
2012-06-19,0.0043751283797044,0.0043751246762052
2012-06-20,0.00437511684043545,0.00437511150812865
2012-06-21,0.0043751053011665,0.00437510005910551
2012-06-22,0.0043750799093851,0.0043750887250212
2012-06-23,0.0043750713588216,0.00437506516586215
2012-06-24,0.0043750604521972,0.00437505751524764
2012-06-25,0.0043750427393421,0.00437504496140546
2012-06-26,0.0043750303929822,0.00437502988204109
2012-06-27,0.00437501383643345,0.00437501839321363
2012-06-28,0.0043749972798847,0.00437500198858875
2012-06-29,0.0043749875949207,0.00437498760431105
2012-06-30,0.0043749760776264,0.00437497816120949
2012-07-01,0.0043749552233848,0.00437496703790565
2012-07-02,0.0043749458874634,0.00437494882781242
2012-07-03,0.0043749355483487,0.00437494062754074
2012-07-04,0.0043749284813381,0.004374929900025
2012-07-05,0.0043749231156257,0.00437492466283695
2012-07-06,0.0043749196263382,0.00437491961815724
2012-07-07,0.0043749170529857,0.00437491671797981
2012-07-08,0.0043749142177849,0.00437491486659884
2012-07-09,0.0043749102047698,0.00437491269207982
2012-07-10,0.0043749140014265,0.00437490959233402
2012-07-11,0.0043749057122606,0.00437491353022447
2012-07-12,0.0043748959835751,0.0043749059841473
2012-07-13,0.0043748890035254,0.00437489902913098
2012-07-14,0.0043748820234757,0.00437489237140238
2012-07-15,0.0043748715530891,0.0043748863286988
2012-07-16,0.0043748641368008,0.00437487773812511
2012-07-17,0.004374848605434,0.00437487161042949
2012-07-18,0.0043748337285091,0.00437485771931364
2012-07-19,0.0043746585134708,0.00437484551646416
2012-07-20,0.004374797037724,0.00437468763001879
2012-07-21,0.0043747848221275,0.0043748225240683
2012-07-22,0.0043747661058479,0.00437478150011055
2012-07-23,0.0043747436811738,0.00437479869151054
2012-07-24,0.0043747335161971,0.00437476747869208
2012-07-25,0.0043747234821087,0.00437475726936922
2012-07-26,0.0043747165893408,0.00437475280815747
2012-07-27,0.0043746928558928,0.00437474619988639
2012-07-28,0.004374680335073,0.00437472588363841
2012-07-29,0.0043746828657624,0.00437471756167076
2012-07-30,0.0043746670734998,0.0043747189278367
2012-07-31,0.0043746606169229,0.00437470615918421
2012-08-01,0.0043746506705377,0.0043747040804039
2012-08-02,0.0043746480534272,0.00437469435389983
2012-08-03,0.0043746438659492,0.00437469471434691
2012-08-04,0.0043746439977163,0.00437469202858991
2012-08-05,0.00437463924302,0.00437469418565326
2012-08-06,0.0043746345318808,0.00437469141251184
2012-08-07,0.0043746343580973,0.00437468949223654
2012-08-08,0.0043746307809037,0.00437469080177581
2012-08-09,0.0043746272037101,0.00437468913588031
2012-08-10,0.0043746176936649,0.00437468833944282
2012-08-11,0.00437504057288335,0.00437468164214361
2012-08-12,0.0043754634521018,0.00437506539823076
2012-08-13,0.0043754546397811,0.00437542285218775
2012-08-14,0.0043754458274604,0.00437545039999724
2012-08-15,0.0043754305141855,0.00437546888730112
2012-08-16,0.004375216643019,0.00437542322757882
2012-08-17,0.00437529286466645,0.00437523863131046
2012-08-18,0.0043753690863139,0.00437531790798204
2012-08-19,0.0043753636332981,0.00437534782761397
2012-08-20,0.0043753353187047,0.00437536549155965
2012-08-21,0.0043753235830852,0.00437534179294664
2012-08-22,0.0043753059577858,0.00437532118312542
2012-08-23,0.0043753254608605,0.00437530551983095
2012-08-24,0.0043752845372065,0.00437532245170899
2012-08-25,0.0043752766412434,0.0043752799276666
2012-08-26,0.0043752723228595,0.00437527796599668
2012-08-27,0.0043752668264438,0.00437526572465171
2012-08-28,0.0043752570544539,0.00437526136200755
2012-08-29,0.0043752549175079,0.00437525184445912
2012-08-30,0.0043752494210947,0.00437524766687724
2012-08-31,0.0043752468042264,0.00437524099738773
2012-09-01,0.0043752438382487,0.00437523807702645
2012-09-02,0.0043752407848622,0.00437523348412061
2012-09-03,0.0043752377753684,0.0043752297065355
2012-09-04,0.0043752312316638,0.00437522578649036
2012-09-05,0.00437513681781555,0.00437521848960765
2012-09-06,0.0043750424039673,0.00437513236248949
2012-09-07,0.0043752075430897,0.00437505104859399
2012-09-08,0.00437520132632565,0.00437519186991562
2012-09-09,0.0043751951095616,0.00437517011719873
2012-09-10,0.0043751782043173,0.00437519348957255
2012-09-11,0.004375161299073,0.00437516237623402
2012-09-12,0.0043751514394964,0.00437514747134893
2012-09-13,0.0043751488218046,0.00437514044169018
2012-09-14,0.0043751300619716,0.00437513411471606
2012-09-15,0.0043751048453195,0.0043751169210567
2012-09-16,0.0043750879615533,0.00437509499463027
2012-09-17,0.0043750684164286,0.00437507764629811
2012-09-18,0.0043750512274094,0.00437505850605667
2012-09-19,0.0043750261414579,0.00437504316569373
2012-09-20,0.0043750161075573,0.00437501924939325
2012-09-21,0.0043750115704744,0.00437501024188797
2012-09-22,0.0043750308995842,0.00437500428872902
2012-09-23,0.0043750195785605,0.00437502207524327
2012-09-24,0.0043750082575368,0.00437501061138218
2012-09-25,0.0043749671160266,0.00437500370978099
2012-09-26,0.0043749631472775,0.00437496429097061
2012-09-27,0.0043749637153808,0.00437496250830567
2012-09-28,0.0043749608803105,0.00437495879981441
2012-09-29,0.0043749582633497,0.00437495847972144
2012-09-30,0.0043749571297911,0.00437495667328797
2012-10-01,0.0043749526367647,0.00437495507248109
2012-10-02,0.0043749501499626,0.00437495160023065
2012-10-03,0.0043749387639843,0.00437494988802988
2012-10-04,0.0043749323511861,0.00437493941625034
2012-10-05,0.0043749238442131,0.00437493466729192
2012-10-06,0.0043749166897155,0.00437492630821607
2012-10-07,0.0043749027292928,0.00437492062563911
2012-10-08,0.0043748918226629,0.0043749081519718
2012-10-09,0.0043748823993963,0.00437489904562206
2012-10-10,0.0043748649049132,0.00437489028488067
2012-10-11,0.0043748526021434,0.00437487505407783
2012-10-12,0.0043748361110609,0.00437486499649751
2012-10-13,0.0043748069675529,0.00437484959932929
2012-10-14,0.0043747936613839,0.0043748245817367
2012-10-15,0.0043747773883347,0.00437481359890751
2012-10-16,0.0043747501645226,0.00437479756056208
2012-10-17,0.0043747330191182,0.0043747752563488
2012-10-18,0.0043747189715626,0.00437476091097374
2012-10-19,0.004374709941357,0.00437474753333
2012-10-20,0.0043747075420099,0.00437474124286669
2012-10-21,0.0043746985118453,0.00437474000480826
2012-10-22,0.0043746894816807,0.0043747328885903
2012-10-23,0.00437468099694775,0.00437472710120527
2012-10-24,0.0043746725122148,0.00437472029878862
2012-10-25,0.0043747049297678,0.00437471415439053
2012-10-26,0.0043746998253175,0.00437474501620369
2012-10-27,0.0043746866505967,0.00437473946326311
2012-10-28,0.0043746803688599,0.00437473455665238
2012-10-29,0.0043746729963873,0.00437472801815596
2012-10-30,0.00437466813247185,0.0043747220488217
2012-10-31,0.0043746632685564,0.00437472046434457
2012-11-01,0.0043754008255352,0.00437471745326239
2012-11-02,0.0043754341372414,0.00437538399717136
2012-11-03,0.0043754674489476,0.00437537255864856
2012-11-04,0.0043755007606538,0.00437550297320509
2012-11-05,0.00437553407236,0.0043754788710243
2012-11-06,0.0043755360370732,0.00437551175610194
2012-11-07,0.0043755203314993,0.00437552396998396
2012-11-08,0.00437550272058803,0.00437550074396847
2012-11-09,0.00437548510967677,0.00437548357546784
2012-11-10,0.0043754674987655,0.00437546538850931
2012-11-11,0.0043754441575627,0.00437544560229288
2012-11-12,0.0043754241762261,0.00437542213268696
2012-11-13,0.0043754016645806,0.00437540172244517
2012-11-14,0.00437539023458,0.00437537801367787
2012-11-15,0.0043753767106467,0.00437536564688312
2012-11-16,0.0043753631867134,0.00437535013301058
2012-11-17,0.0043753582139962,0.0043753364850163
2012-11-18,0.004375353241279,0.00437532963651463
2012-11-19,0.0043753515843635,0.00437532247475389
2012-11-20,0.0043753374495024,0.00437531973655744
2012-11-21,0.00437534126792455,0.00437530480292681
2012-11-22,0.0043753450863467,0.00437530735731507
2012-11-23,0.0043753393717728,0.0043753070880777
2012-11-24,0.0043753410305785,0.00437530156663536
2012-11-25,0.0043753304295869,0.00437530189753732
2012-11-26,0.0043753273108471,0.00437528932310992
2012-11-27,0.0043753241921073,0.00437528639896238
2012-11-28,0.0043751026848511,0.0043752803451102
2012-11-29,0.0043753052150706,0.00437507968069412
2012-11-30,0.0043752960098614,0.0043752734264469
2012-12-01,0.0043752868046522,0.00437522161080059
2012-12-02,0.0043752711863992,0.00437525747229568
2012-12-03,0.0043752595382659,0.00437522469339165
2012-12-04,0.0043752523180366,0.00437521076282729
2012-12-05,0.0043752450978073,0.00437520828076443
2012-12-06,0.0043752244623723,0.00437519702392039
2012-12-07,0.00437519843827335,0.00437517765028728
2012-12-08,0.0043751724141744,0.00437515425564635
2012-12-09,0.0043751471754278,0.00437512825896661
2012-12-10,0.0043751219366812,0.00437510404902325
2012-12-11,0.0043751024354943,0.00437508011429395
2012-12-12,0.0043751185790471,0.00437506123330186
2012-12-13,0.00437509635112545,0.00437507437737645
2012-12-14,0.0043750741232038,0.00437505176758211
2012-12-15,0.0043750625625238,0.00437503589411293
2012-12-16,0.0043750510018438,0.0043750217481569
2012-12-17,0.00437505071915555,0.00437501027944119
2012-12-18,0.0043750504364673,0.00437501080844814
2012-12-19,0.0043750486921931,0.00437500887447339
2012-12-20,0.0043750468608664,0.00437500789123473
2012-12-21,0.00437504611996815,0.00437500618500734
2012-12-22,0.0043750453790699,0.0043750050872366
2012-12-23,0.004375006898215,0.00437500432862248
2012-12-24,0.00437500175055725,0.00437496958362398
2012-12-25,0.0043749966028995,0.00437496698095758
2012-12-26,0.00437498860521305,0.00437495736602994
2012-12-27,0.0043749806075266,0.00437495270301198
2012-12-28,0.00437497260984015,0.00437494549628044
2012-12-29,0.0043749646121537,0.00437493752570714
2012-12-30,0.00437495661446725,0.00437493083989183
2012-12-31,0.0043749486167808,0.0043749236372421
2013-01-01,0.00437494196420198,0.00437491647477063
2013-01-02,0.00437493531162315,0.00437491072461421
2013-01-03,0.00437492865904432,0.00437490483615946
2013-01-04,0.0043749220064655,0.00437489918937747
2013-01-05,0.00437487698524907,0.00437489346739116
2013-01-06,0.00437483196403263,0.00437485319457237
2013-01-07,0.0043747869428162,0.00437481522000539
2013-01-08,0.0043747737671899,0.00437477206360924
2013-01-09,0.0043746249910045,0.00437476059199426
2013-01-10,0.0043747515604535,0.00437462522460164
2013-01-11,0.0043747342838492,0.00437474971673967
2013-01-12,0.0043747271288643,0.00437470826598791
2013-01-13,0.0043747199738794,0.00437473270321795
2013-01-14,0.0043747082379913,0.00437471546626133
2013-01-15,0.0043746928374198,0.00437470546520462
2013-01-16,0.00437468022904,0.00437469716587212
2013-01-17,0.0043746708055539,0.00437468481447468
2013-01-18,0.0043746622982299,0.00437467764988216
2013-01-19,0.00437465623398375,0.00437467195644732
2013-01-20,0.0043746501697376,0.00437466778118251
2013-01-21,0.0043746396991856,0.00437466388874271
2013-01-22,0.00437463223892683,0.004374656362887
2013-01-23,0.00437462477866807,0.0043746515684652
2013-01-24,0.0043746173184093,0.00437464610917946
2013-01-25,0.004374608985703,0.00437464146141353
2013-01-26,0.0043745999984801,0.00437463577133835
2013-01-27,0.00437459548304465,0.00437462954440113
2013-01-28,0.0043745909676092,0.00437462740847682
2013-01-29,0.0043745742582456,0.00437462496293961
2013-01-30,0.0043744144874841,0.00437461213477542
2013-01-31,0.0043745801493104,0.0043744709919401
2013-02-01,0.00437457018037075,0.00437462972450262
2013-02-02,0.0043745602114311,0.00437459281420375
2013-02-03,0.0043745448542959,0.00437462171109635
2013-02-04,0.0043745347327135,0.00437459571565017
2013-02-05,0.0043745349075628,0.00437458776581894
2013-02-06,0.0043752693662764,0.00437459464052241
2013-02-07,0.0043752656582464,0.00437525581194683
2013-02-08,0.0043752520681068,0.00437521301328085
2013-02-09,0.0043752384779672,0.00437530366718853
2013-02-10,0.0043752261750194,0.00437523544347325
2013-02-11,0.00437522035082485,0.00437522738955883
2013-02-12,0.0043752145266303,0.00437523313050646
2013-02-13,0.0043752057140581,0.00437521694020139
2013-02-14,0.00437520087146945,0.00437521042689845
2013-02-15,0.0043751960288808,0.00437520614527878
2013-02-16,0.0043751858202471,0.00437519872487214
2013-02-17,0.004375176484045,0.00437518931782099
2013-02-18,0.00437518076014757,0.0043751801599585
2013-02-19,0.00437518503625013,0.00437518227038663
2013-02-20,0.0043751893123527,0.00437518456307556
2013-02-21,0.0043751815467531,0.00437518846157189
2013-02-22,0.0043751714251642,0.00437518039522641
2013-02-23,0.0043751657972071,0.00437517111477707
2013-02-24,0.00437516016925,0.00437516452995672
2013-02-25,0.0043751441579094,0.00437515811964127
2013-02-26,0.004375131898501,0.00437514317315765
2013-02-27,0.00437511983543535,0.00437513170185348
2013-02-28,0.0043751077723697,0.00437511892372607
2013-03-01,0.0043750966909372,0.00437510757799568
2013-03-02,0.00437508637298075,0.004375096776244
2013-03-03,0.0043750760550243,0.00437508653399338
2013-03-04,0.0043750632284574,0.00437507664156678
2013-03-05,0.0043750501400732,0.0043750644889536
2013-03-06,0.0043750336921772,0.00437505224701756
2013-03-07,0.0043750241377812,0.00437503675690516
2013-03-08,0.0043750145833852,0.00437502787596375
2013-03-09,0.0043750038073834,0.0043750182016118
2013-03-10,0.0043749926168551,0.00437500866082974
2013-03-11,0.0043749814263268,0.00437499835714763
2013-03-12,0.0043749695595937,0.00437498794530417
2013-03-13,0.0043749586526677,0.00437497716876664
2013-03-14,0.0043749474403568,0.00437496728299343
2013-03-15,0.00437493758052885,0.00437495702404973
2013-03-16,0.0043749277207009,0.0043749482686189
2013-03-17,0.0043749172937424,0.00437493935881767
2013-03-18,0.00437491208026355,0.00437493020167179
2013-03-19,0.0043749068667847,0.00437492575119122
2013-03-20,0.00437489229524,0.00437492095140964
2013-03-21,0.0043748800359525,0.00437490855404263
2013-03-22,0.0043748703506984,0.00437489840851275
2013-03-23,0.0043748654426169,0.00437488922996036
2013-03-24,0.0043748605345354,0.00437488538752877
2013-03-25,0.0043748511982759,0.00437488137226169
2013-03-26,0.0043748368448845,0.00437487374565226
2013-03-27,0.00437482796671545,0.00437486171322141
2013-03-28,0.0043748190885464,0.00437485433519824
2013-03-29,0.0043748070037625,0.0043748463733784
2013-03-30,0.0043747976020633,0.0043748366538887
2013-03-31,0.0043747882003641,0.00437482907570222
2013-04-01,0.00437478224526285,0.00437482096376278
2013-04-02,0.0043747762901616,0.00437481675817906
2013-04-03,0.00437476667760983,0.00437481208607471
2013-04-04,0.00437475706505807,0.00437480461618358
2013-04-05,0.0043747474525063,0.00437479723302774
2013-04-06,0.0043746896445547,0.00437478931749771
2013-04-07,0.0043746858708663,0.00437473839105717
2013-04-08,0.0043746820971779,0.00437473895730687
2013-04-09,0.0043746988951031,0.00437472981466671
2013-04-10,0.0043753756324756,0.00437475088327325
2013-04-11,0.0043753709646033,0.00437536068589517
2013-04-12,0.0043753653804909,0.00437532034698135
2013-04-13,0.0043753602542917,0.0043754086273534
2013-04-14,0.0043753551280925,0.00437535153755025
2013-04-15,0.0043753444833142,0.00437534971785378
2013-04-16,0.0043753363686737,0.00437534956007867
2013-04-17,0.0043753280795378,0.00437533214078468
2013-04-18,0.0043753180888542,0.00437532439018676
2013-04-19,0.0043753073128625,0.0043753148226333
2013-04-20,0.004375297453046,0.00437530209738741
2013-04-21,0.0043752921086911,0.0043752917929112
2013-04-22,0.0043752867643362,0.00437528521864055
2013-04-23,0.00437527201824405,0.00437527833733782
2013-04-24,0.0043752572721519,0.00437526381979999
2013-04-25,0.0043752462998108,0.00437524946636393
2013-04-26,0.0043752353274697,0.00437523729677893
2013-04-27,0.0043752238534808,0.00437522577869502
2013-04-28,0.0043752139718544,0.00437521426647611
2013-04-29,0.004375204090228,0.00437520385520028
2013-04-30,0.0043751755570894,0.00437519348244054
2013-05-01,0.0043751470239508,0.00437516664051364
2013-05-02,0.00437513745508077,0.00437514077004675
2013-05-03,0.00437512788621073,0.00437512953465886
2013-05-04,0.0043751183173407,0.00437511875499832
2013-05-05,0.0043751097010078,0.00437511055041654
2013-05-06,0.0043751010846749,0.00437510154284796
2013-05-07,0.0043750932318933,0.00437509289392698
2013-05-08,0.0043750850736833,0.00437508536924949
2013-05-09,0.0043750804928628,0.00437507723534983
2013-05-10,0.0043750759120423,0.00437507259299331
2013-05-11,0.0043750676665749,0.00437506771423124
2013-05-12,0.0043750558873263,0.00437506003941299
2013-05-13,0.0043750480781319,0.00437504918781761
2013-05-14,0.0043750384801522,0.00437504165327074
2013-05-15,0.0043750296238745,0.00437503216978231
2013-05-16,0.004375018717037,0.00437502425560769
2013-05-17,0.0043750097952714,0.00437501387740129
2013-05-18,0.0043750008735058,0.00437500570991917
2013-05-19,0.0043750061097074,0.00437499722797052
2013-05-20,0.0043749956827501,0.00437500188305577
2013-05-21,0.0043749901202591,0.00437499153570633
2013-05-22,0.0043749845577681,0.00437498843058798
2013-05-23,0.0043748361304619,0.00437498180053497
2013-05-24,0.0043749512261801,0.00437484853871
2013-05-25,0.0043749455328141,0.00437496079555247
2013-05-26,0.0043749398394481,0.00437492902961135
2013-05-27,0.0043749224758765,0.00437495183537068
2013-05-28,0.0043748713423667,0.00437492649048049
2013-05-29,0.0043748202088569,0.00437487970724051
2013-05-30,0.0043747690753471,0.0043748388087223
2013-05-31,0.0043748502274289,0.00437478852842708
2013-06-01,0.0043748394078846,0.00437486220277703
2013-06-02,0.00437483120600355,0.00437484544411893
2013-06-03,0.0043748230041225,0.00437485344532139
2013-06-04,0.0043748143660068,0.00437483935578611
2013-06-05,0.0043748137993061,0.00437483283553822
2013-06-06,0.0043748132326054,0.00437483494606806
2013-06-07,0.00437480361281715,0.00437483349410816
2013-06-08,0.0043747939930289,0.00437482663130128
2013-06-09,0.0043747881688156,0.0043748195777263
2013-06-10,0.0043747823446023,0.00437481439029418
2013-06-11,0.0043747658098908,0.00437481010561768
2013-06-12,0.004374756560968,0.00437479651102212
2013-06-13,0.0043747476174047,0.00437478968998433
2013-06-14,0.0043747386738414,0.00437478148433843
2013-06-15,0.0043747334822218,0.00437477513653851
2013-06-16,0.0043747282906022,0.00437477158743201
2013-06-17,0.0043747149407036,0.00437476774060189
2013-06-18,0.0043745868013095,0.00437475728748454
2013-06-19,0.0043746900731087,0.00437464362799554
2013-06-20,0.00437467380855106,0.00437474405961564
2013-06-21,0.00437465754399342,0.0043747084328719
2013-06-22,0.00437464127943578,0.00437472031145583
2013-06-23,0.00437462501487814,0.00437469734063699
2013-06-24,0.0043746087503205,0.00437468304488222
2013-06-25,0.00437487705742243,0.00437467349303178
2013-06-26,0.00437514536452437,0.00437491514325208
2013-06-27,0.0043754136716263,0.00437514234028499
2013-06-28,0.0043754067350515,0.00437540838629288
2013-06-29,0.0043753925562068,0.00437540321954641
2013-06-30,0.0043753870593812,0.00437540850680332
2013-07-01,0.0043753829151908,0.00437538795931846
2013-07-02,0.0043753792288307,0.00437538392924423
2013-07-03,0.0043753755424706,0.00437538114181949
2013-07-04,0.0043753654648959,0.0043753736398892
2013-07-05,0.0043753611458855,0.00437536321499999
2013-07-06,0.0043753568268751,0.00437535794147134
2013-07-07,0.0043753493667524,0.00437535095462807
2013-07-08,0.0043753423428758,0.00437534290515152
2013-07-09,0.0043753308690164,0.00437533484561579
2013-07-10,0.00437531887158,0.00437532223619381
2013-07-11,0.0043751786903451,0.00437530992116993
2013-07-12,0.004375299762864,0.00437518153678907
2013-07-13,0.0043752944185519,0.00437529623847039
2013-07-14,0.0043752890742398,0.00437526450294088
2013-07-15,0.0043752735865001,0.00437528579637152
2013-07-16,0.0043752608036638,0.00437525994414524
2013-07-17,0.0043752503330903,0.00437524611929445
2013-07-18,0.0043751122896999,0.00437523795153285
2013-07-19,0.004375165103823,0.00437511019786215
2013-07-20,0.0043752179179461,0.00437516417465617
2013-07-21,0.00437519446016663,0.00437518960825738
2013-07-22,0.00437517100238717,0.00437518185699303
2013-07-23,0.0043751475446077,0.0043751636743244
2013-07-24,0.0043751322751974,0.00437513389568435
2013-07-25,0.004375010636534,0.0043751219737206
2013-07-26,0.0043750632977961,0.00437501069862564
2013-07-27,0.0043751159590582,0.00437506300504083
2013-07-28,0.0043751088480342,0.00437509161051207
2013-07-29,0.0043751015624931,0.00437509795535114
2013-07-30,0.004375089347051,0.00437509386444395
2013-07-31,0.0043750806217904,0.00437507640332999
2013-08-01,0.0043750769790593,0.00437507100030756
2013-08-02,0.0043750733363282,0.00437506646429796
2013-08-03,0.0043750663124917,0.00437506190994966
2013-08-04,0.0043750590705339,0.00437505596671733
2013-08-05,0.0043750478584737,0.00437504901546825
2013-08-06,0.0043750380860853,0.00437503824198806
2013-08-07,0.00437503269817815,0.00437502943368535
2013-08-08,0.004375027310271,0.00437502381938296
2013-08-09,0.0043750183231379,0.00437501849040205
2013-08-10,0.004375004449736,0.00437501048130108
2013-08-11,0.0043749916669441,0.00437499789444179
2013-08-12,0.00437498545005355,0.00437498622546707
2013-08-13,0.004374979233163,0.00437498010638859
2013-08-14,0.0043749686753725,0.00437497409825507
2013-08-15,0.0043749577466812,0.0043749649887399
2013-08-16,0.0043749468179899,0.00437495531518171
2013-08-17,0.0043749378309127,0.00437494520982139
2013-08-18,0.00437492533178195,0.00437493725834452
2013-08-19,0.0043749128326512,0.00437492600307154
2013-08-20,0.0043748705996496,0.0043749152098339
2013-08-21,0.0043747899074397,0.0043748770837063
2013-08-22,0.0043747092152298,0.00437480635724796
2013-08-23,0.004374844510631,0.00437473401179307
2013-08-24,0.0043748353926186,0.00437485331227761
2013-08-25,0.0043748260564856,0.00437483300829868
2013-08-26,0.004374811223406,0.00437484996405522
2013-08-27,0.0043748030216147,0.00437482533651733
2013-08-28,0.004374808737646,0.0043748195824176
2013-08-29,0.0043747991397396,0.00437482779073653
2013-08-30,0.004374789759929,0.00437481762011083
2013-08-31,0.004374784611967,0.00437481249024143
2013-09-01,0.004374779464005,0.00437480782524814
2013-09-02,0.0043747649362344,0.00437480376228585
2013-09-03,0.0043747529388424,0.00437479232851344
2013-09-04,0.0043746608592341,0.00437478287469056
2013-09-05,0.0043745687796258,0.00437470009403455
2013-09-06,0.0043747290749238,0.00437462332164344
2013-09-07,0.0043747176882419,0.00437476264351894
2013-09-08,0.00437470911555535,0.00437473887945485
2013-09-09,0.0043747005428688,0.00437476210230999
2013-09-10,0.0043746902468725,0.0043747408313758
2013-09-11,0.0043746805180597,0.00437473388017729
2013-09-12,0.0043746698295318,0.00437473024498893
2013-09-13,0.004374661104251,0.00437471933498274
2013-09-14,0.0043746443219059,0.00437471365595335
2013-09-15,0.0043746275395608,0.0043747002334791
2013-09-16,0.0043746107572157,0.00437468689828997
2013-09-17,0.0043753424245708,0.00437467330766375
2013-09-18,0.0043753457407033,0.00437533423874013
2013-09-19,0.0043753490568358,0.00437529526367289
2013-09-20,0.0043753437782069,0.00437540061282113
2013-09-21,0.0043753438662695,0.00437533992275019
2013-09-22,0.0043753388494458,0.00437534355608778
2013-09-23,0.0043753323928239,0.0043753488169563
2013-09-24,0.0043753240603516,0.00437533280394635
2013-09-25,0.0043753179963962,0.00437532553933412
2013-09-26,0.0043753101000312,0.00437531942149116
2013-09-27,0.0043753049522955,0.00437530900017696
2013-09-28,0.00437530089506705,0.00437530340619693
2013-09-29,0.0043752968378386,0.00437529778489698
2013-09-30,0.0043752843169701,0.0043752924193347
2013-10-01,0.0043752753298446,0.00437527971485692
2013-10-02,0.0043752632888207,0.00437527047545635
2013-10-03,0.0043752532545896,0.00437525722325128
2013-10-04,0.00437524308072948,0.00437524715201036
2013-10-05,0.00437523290686936,0.00437523611779221
2013-10-06,0.00437522273300924,0.00437522555119048
2013-10-07,0.00437521255914912,0.00437521501505916
2013-10-08,0.004375202385289,0.00437520442970119
2013-10-09,0.0043751928747515,0.00437519397008688
2013-10-10,0.0043751784340589,0.00437518414325734
2013-10-11,0.0043751683779633,0.00437516988121837
2013-10-12,0.0043751583218677,0.00437516001210365
2013-10-13,0.0043751114647127,0.00437514919511012
2013-10-14,0.0043751000780579,0.00437510627986371
2013-10-15,0.0043750892585318,0.00437509717763849
2013-10-16,0.0043750790062168,0.00437508150024945
2013-10-17,0.00437507374922655,0.00437507423848769
2013-10-18,0.0043750684922363,0.00437506863438881
2013-10-19,0.0043750531357747,0.00437506244744818
2013-10-20,0.00437504831503865,0.00437504893795394
2013-10-21,0.0043750434943026,0.00437504460716218
2013-10-22,0.004375042360797,0.00437503840892639
2013-10-23,0.0043749052343947,0.0043750379348564
2013-10-24,0.0043750236449007,0.00437491386286921
2013-10-25,0.00437501775528635,0.00437502836557051
2013-10-26,0.004375011865672,0.00437499752156407
2013-10-27,0.0043750030095061,0.00437501932315982
2013-10-28,0.0043749945896076,0.00437500115780671
2013-10-29,0.0043749809344268,0.00437499221515611
2013-10-30,0.0043749698969306,0.00437498332148884
2013-10-31,0.004374960473529,0.00437497169864289
2013-11-01,0.0043749548892955,0.00437496280483143
2013-11-02,0.004374949305062,0.00437495831325531
2013-11-03,0.0043749395326541,0.00437495290623303
2013-11-04,0.004374929673016,0.00437494450846505
2013-11-05,0.0043749197260916,0.00437493609623059
2013-11-06,0.0043749110882206,0.00437492698727909
2013-11-07,0.0043748875729047,0.00437491951611494
2013-11-08,0.00437488099630238,0.00437489854257041
2013-11-09,0.00437487441970005,0.00437489386072149
2013-11-10,0.00437486784309773,0.00437488617878927
2013-11-11,0.0043748612664954,0.00437488201196281
2013-11-12,0.0043748119222917,0.00437487651983625
2013-11-13,0.0043748014519049,0.0043748324029183
2013-11-14,0.0043747926394097,0.00437482631160357
2013-11-15,0.00437480263141,0.00437481341227549
2013-11-16,0.0043747897172625,0.00437482608994462
2013-11-17,0.0043747758440096,0.0043748141968585
2013-11-18,0.004374763410473,0.00437480475352597
2013-11-19,0.00437475745538175,0.00437479331818593
2013-11-20,0.0043747515002905,0.00437478880540595
2013-11-21,0.0043747395466515,0.00437478444008639
2013-11-22,0.0043747313885752,0.0043747750315759
2013-11-23,0.0043754174182906,0.00437476950771883
2013-11-24,0.0043754565113755,0.004375388166526
2013-11-25,0.00437545092710795,0.00437538448588447
2013-11-26,0.0043754453428404,0.00437547242492281
2013-11-27,0.004375427673806,0.00437541987117046
2013-11-28,0.0043754144983176,0.0043754029200705
2013-11-29,0.0043753962183284,0.00437540135547241
2013-11-30,0.0043753878418352,0.00437537340077949
2013-12-01,0.004375379465342,0.00437536584458787
2013-12-02,0.0043753594839801,0.004375356278692
2013-12-03,0.0043753448251517,0.00437533542900646
2013-12-04,0.0043753357073524,0.00437532123637633
2013-12-05,0.00437532301170535,0.00437530972049134
2013-12-06,0.0043753103160583,0.00437529632081204
2013-12-07,0.0043752943484076,0.00437528363746839
2013-12-08,0.0043752794278647,0.00437526691032208
2013-12-09,0.0043752677793268,0.00437525193665697
2013-12-10,0.0043752590757632,0.00437523945607308
2013-12-11,0.0043752503721996,0.00437522976097113
2013-12-12,0.0043752371096081,0.00437522041291271
2013-12-13,0.00437523141636085,0.00437520711235177
2013-12-14,0.0043752257231136,0.00437520079086531
2013-12-15,0.0043752099303101,0.00437519351549435
2013-12-16,0.00437520471700285,0.00437517858458327
2013-12-17,0.0043751995036956,0.00437517319342284
2013-12-18,0.0043751909965716,0.00437516582587022
2013-12-19,0.0043751799372734,0.00437515794312949
2013-12-20,0.0043751688779752,0.00437514701723029
2013-12-21,0.0043751582332175,0.00437513573940474
2013-12-22,0.0043751527581213,0.00437512510450077
2013-12-23,0.0043751472830251,0.00437511914545853
2013-12-24,0.0043751318829266,0.00437511294478633
2013-12-25,0.0043751226341961,0.00437509856910301
2013-12-26,0.00437511735544905,0.00437508995632068
2013-12-27,0.004375112076702,0.00437508327683754
2013-12-28,0.0043750977671356,0.00437507810190345
2013-12-29,0.0043750863805047,0.0043750647920153
2013-12-30,0.0043750830214704,0.00437505427019896
2013-12-31,0.0043750796624361,0.00437504987251735
2014-01-01,0.0043750274388427,0.00437504607423979
2014-01-02,0.0043750092898294,0.00437499909898891
2014-01-03,0.00437500193870175,0.00437498501056811
2014-01-04,0.0043749945875741,0.00437497223441991
2014-01-05,0.004374982328389,0.00437496742233973
2014-01-06,0.0043749698509974,0.00437495679664988
2014-01-07,0.004374959162444,0.004374944947843
2014-01-08,0.0043749441985674,0.00437493535289574
2014-01-09,0.0043748270976831,0.00437492174014447
2014-01-10,0.0043749257882069,0.00437481664834555
2014-01-11,0.004374915492382,0.00437491131835645
2014-01-12,0.0043749345150387,0.00437488170254154
2014-01-13,0.0043749208598075,0.00437492237297162
2014-01-14,0.004374914708449,0.00437489979097789
2014-01-15,0.0043749085570905,0.00437489777767653
2014-01-16,0.0043748988283299,0.00437489278551471
2014-01-17,0.0043748891868592,0.00437488340301115
2014-01-18,0.0043748798944249,0.00437487595314864
2014-01-19,0.0043748663266097,0.00437486767614631
2014-01-20,0.0043748547219378,0.00437485582504429
2014-01-21,0.0043748488759882,0.00437484627297306
2014-01-22,0.0043748430300386,0.00437484104920073
2014-01-23,0.0043748266264349,0.00437483620606848
2014-01-24,0.00437482062776805,0.00437482254149588
2014-01-25,0.0043748146291012,0.00437481838057542
2014-01-26,0.0043747989236015,0.00437481234088836
2014-01-27,0.0043747877115386,0.00437479989890419
2014-01-28,0.0043747802952402,0.00437479118443821
2014-01-29,0.0043747725298449,0.00437478426056207
2014-01-30,0.0043746011539568,0.00437477844900864
2014-01-31,0.0043746554947832,0.00437462535734767
2014-02-01,0.0043747098356096,0.00437468476544623
2014-02-02,0.0043746965293363,0.00437470903738998
2014-02-03,0.0043746833976135,0.00437471603320968
2014-02-04,0.0043746692626309,0.004374708970154
2014-02-05,0.0043746572653688,0.00437469030925646
2014-02-06,0.0043745407751862,0.00437468453888426
2014-02-07,0.0043746473186295,0.00437458071103362
2014-02-08,0.0043746389424272,0.00437468362302569
2014-02-09,0.0043746311334393,0.0043746571829106
2014-02-10,0.0043746156024125,0.00437467587902737
2014-02-11,0.0043746246780747,0.00437465427165027
2014-02-12,0.0043746337537369,0.00437466381261821
2014-02-13,0.0043746289115869,0.00437467503272561
2014-02-14,0.0043746198810099,0.00437467268247916
2014-02-15,0.00437461285716925,0.00437466744997556
2014-02-16,0.0043746058333286,0.0043746625266645
2014-02-17,0.0043745964536551,0.00437465780897722
2014-02-18,0.0043745856778389,0.00437465154922777
2014-02-19,0.00437457793411385,0.00437464381071703
2014-02-20,0.0043745701903888,0.0043746386933235
2014-02-21,0.0043749815294831,0.00437463366589555
2014-02-22,0.0043753928685774,0.00437500669298275
2014-02-23,0.0043753779917539,0.00437535486413758
2014-02-24,0.00437536414012925,0.00437537612755772
2014-02-25,0.0043753502885046,0.00437539003741304
2014-02-26,0.0043753349751966,0.00437534654536858
2014-02-27,0.0043752092792781,0.00437534058557579
2014-02-28,0.0043753216253442,0.00437522724765947
2014-03-01,0.0043753079699598,0.0043753287636793
2014-03-02,0.0043752847167004,0.00437529407773515
2014-03-03,0.0043752746825943,0.00437529716417608
2014-03-04,0.0043752651720431,0.00437527622475227
2014-03-05,0.00437526028594355,0.00437526368897785
2014-03-06,0.004375255399844,0.00437526204230015
2014-03-07,0.0043752480271377,0.00437525377222841
2014-03-08,0.0043752415270205,0.00437524609153246
2014-03-09,0.00437523397976485,0.00437523948753797
2014-03-10,0.0043752264325092,0.00437523070443375
2014-03-11,0.0043752147409047,0.0043752228408241
2014-03-12,0.004375211360039,0.00437521097884641
2014-03-13,0.0043752079791733,0.00437520683029425
2014-03-14,0.0043752318895008,0.00437520180757717
2014-03-15,0.0043752210266358,0.00437522279438245
2014-03-16,0.004375215682366,0.00437521024167443
2014-03-17,0.0043752103380962,0.00437520842198568
2014-03-18,0.0043752004348551,0.00437519958286205
2014-03-19,0.0043751836385486,0.00437519008783994
2014-03-20,0.0043750094266781,0.00437517444913575
2014-03-21,0.00437507356234965,0.00437501603258671
2014-03-22,0.0043751376980212,0.00437508158280562
2014-03-23,0.004375124217492,0.00437511221390833
2014-03-24,0.004375111740344,0.00437511770742629
2014-03-25,0.00437510593799995,0.00437510961081249
2014-03-26,0.0043751001356559,0.00437509556223674
2014-03-27,0.004374935435795,0.00437509297986932
2014-03-28,0.00437495265924872,0.00437494422130692
2014-03-29,0.00437496988270245,0.00437496737039999
2014-03-30,0.00437498710615618,0.00437496002451401
2014-03-31,0.0043750043296099,0.00437498934926967
2014-04-01,0.0043749937720014,0.00437500398246098
2014-04-02,0.0043749844360517,0.00437499226517263
2014-04-03,0.0043749804006883,0.00437498811333399
2014-04-04,0.0043749763653249,0.00437498203080325
2014-04-05,0.004374962274291,0.00437497826157408
2014-04-06,0.0043749579335385,0.00437496649777841
2014-04-07,0.004374953592786,0.00437496281493726
2014-04-08,0.0043749423375376,0.00437495774579989
2014-04-09,0.0043749379313415,0.004374948630991
2014-04-10,0.0043749335251454,0.00437494514756374
2014-04-11,0.0043749256725359,0.00437494034041387
2014-04-12,0.0043749104470449,0.00437493420477087
2014-04-13,0.00437490519010895,0.00437492092649465
2014-04-14,0.004374899933173,0.0043749165733962
2014-04-15,0.0043748843150528,0.00437491115913874
2014-04-16,0.0043748061536111,0.0043748982070259
2014-04-17,0.0043747279921694,0.00437482871412876
2014-04-18,0.00437478959754395,0.00437476155889103
2014-04-19,0.0043748512029185,0.00437481288764902
2014-04-20,0.0043748405581302,0.00437486085356823
2014-04-21,0.00437483253087665,0.00437486258178425
2014-04-22,0.0043748245036231,0.00437485930141864
2014-04-23,0.0043748122009841,0.00437484738510927
2014-04-24,0.0043746556156988,0.00437483947564227
2014-04-25,0.0043747980228465,0.00437469948407841
2014-04-26,0.0043747482427406,0.00437483600197376
2014-04-27,0.0043747384268512,0.0043747638245549
2014-04-28,0.00437472950529885,0.00437479049379699
2014-04-29,0.0043747205837465,0.00437476555685328
2014-04-30,0.0043747121203043,0.00437476027979561
2014-05-01,0.0043745952373245,0.00437475803611902
2014-05-02,0.0043746434704651,0.00437465096752344
2014-05-03,0.0043746917036057,0.00437470291597143
2014-05-04,0.0043746844619932,0.00437473010187233
2014-05-05,0.0043746759986903,0.00437473755753081
2014-05-06,0.00437497921310093,0.00437473471141011
2014-05-07,0.00437528242751155,0.0043750040363115
2014-05-08,0.00437558564192218,0.00437526321938647
2014-05-09,0.0043758888563328,0.00437556224468633
2014-05-10,0.00437577659845498,0.00437583578411761
2014-05-11,0.00437566434057715,0.00437573668886092
2014-05-12,0.00437555208269933,0.00437566498789987
2014-05-13,0.0043754398248215,0.00437553130297322
2014-05-14,0.004375423726301,0.0043754301724096
2014-05-15,0.0043752619483773,0.00437541380914176
2014-05-16,0.004375398771582,0.00437525372276891
2014-05-17,0.0043753859016078,0.00437539021704696
2014-05-18,0.0043753713301213,0.00437534626112864
2014-05-19,0.00437536144864755,0.00437536168447468
2014-05-20,0.0043753515671738,0.00437533969866917
2014-05-21,0.0043753360360124,0.00437532639270696
2014-05-22,0.0043753247802977,0.00437531496665038
2014-05-23,0.0043753127829519,0.00437530094757254
2014-05-24,0.0043753014617783,0.00437528764385503
2014-05-25,0.0043752901406047,0.00437527653212444
2014-05-26,0.0043752784923308,0.00437526402737548
2014-05-27,0.0043752732353603,0.00437525184941162
2014-05-28,0.0043752679783898,0.00437524556808997
2014-05-29,0.0043751073357276,0.00437523866969708
2014-05-30,0.0043752418027859,0.0043750929678601
2014-05-31,0.00437523676398165,0.00437522167946192
2014-06-01,0.0043752317251774,0.00437518639248397
2014-06-02,0.0043752233053499,0.00437521187553113
2014-06-03,0.0043752106538119,0.00437519162821508
2014-06-04,0.0043752002272384,0.00437517751468529
2014-06-05,0.0043751908475642,0.00437517122467943
2014-06-06,0.0043751823840746,0.00437515890620166
2014-06-07,0.004375173920585,0.00437515045220326
2014-06-08,0.0043751651954236,0.00437514221547565
2014-06-09,0.0043751568629628,0.00437513292652477
2014-06-10,0.0043751467853245,0.00437512454574452
2014-06-11,0.0043751419864502,0.00437511451269016
2014-06-12,0.0043751371875759,0.00437510935782294
2014-06-13,0.0043751210022692,0.00437510374700438
2014-06-14,0.0043751106627871,0.00437508875561917
2014-06-15,0.0043751001051931,0.00437507931906377
2014-06-16,0.0043750921218072,0.00437506783434675
2014-06-17,0.0043750841600448,0.0043750605117317
2014-06-18,0.0043750761982824,0.00437505250201907
2014-06-19,0.0043750647026759,0.00437504477273701
2014-06-20,0.0043750532070694,0.00437503396475024
2014-06-21,0.00437504138419035,0.004375023296038
2014-06-22,0.0043750295613113,0.00437501194376058
2014-06-23,0.004375017825726,0.00437500093129278
2014-06-24,0.00437500796612125,0.00437498997602034
2014-06-25,0.0043749981065165,0.00437498074068181
2014-06-26,0.0043749868508585,0.00437497150889773
2014-06-27,0.0043749739372815,0.00437496131024791
2014-06-28,0.0043749631179544,0.00437494961277713
2014-06-29,0.0043749524731103,0.00437493977913341
2014-06-30,0.00437494333337705,0.00437492994446484
2014-07-01,0.0043749341936438,0.00437492189800232
2014-07-02,0.0043749240723551,0.00437491365954414
2014-07-03,0.00437491861906365,0.00437490479126747
2014-07-04,0.0043749131657722,0.00437490017058441
2014-07-05,0.0043748993798947,0.00437489516840896
2014-07-06,0.004374887644389,0.00437488345010209
2014-07-07,0.0043748781338082,0.00437487372794262
2014-07-08,0.004374868099781,0.0043748647993263
2014-07-09,0.0043748576294959,0.00437485633166641
2014-07-10,0.0043746662710082,0.00437484752218908
2014-07-11,0.0043748448468869,0.00437467562458435
2014-07-12,0.004374834900156,0.00437484766975098
2014-07-13,0.0043748205034729,0.00437480373700957
2014-07-14,0.004374812258221,0.00437483148455493
2014-07-15,0.0043748008281641,0.00437480984472123
2014-07-16,0.0043747898560646,0.00437479782756088
2014-07-17,0.0043747788839651,0.00437479488896671
2014-07-18,0.0043747679118656,0.00437478265592539
2014-07-19,0.0043747569397661,0.00437477399095449
2014-07-20,0.0043747454222732,0.00437476582144797
2014-07-21,0.0043747083815433,0.00437475592960469
2014-07-22,0.0043746988712589,0.00437472382539069
2014-07-23,0.0043746915421957,0.00437471792671586
2014-07-24,0.004374698261822,0.00437470886747043
2014-07-25,0.0043746934847579,0.0043747182719198
2014-07-26,0.0043746887076938,0.00437471459287042
2014-07-27,0.0043746791535664,0.00437471311635759
2014-07-28,0.0043746697739574,0.00437470550962933
2014-07-29,0.0043746559009137,0.00437469891012359
2014-07-30,0.004374639715256,0.00437468780430202
2014-07-31,0.0043746347637488,0.00437467503839232
2014-08-01,0.0043746298122416,0.00437467203841753
2014-08-02,0.0043746173789007,0.00437466839073484
2014-08-03,0.0043746056871525,0.00437465978346422
2014-08-04,0.004375582507216,0.00437465176209187
2014-08-05,0.0043754501791802,0.00437553287534251
2014-08-06,0.0043743994521892,0.00437535767611832
2014-08-07,0.0043753974769483,0.00437455491582282
2014-08-08,0.0043753827746978,0.004375421704206
2014-08-09,0.00437537590347875,0.00437522132816394
2014-08-10,0.0043753690322597,0.00437544852566141
2014-08-11,0.004375354024862,0.00437534314997015
2014-08-12,0.0043753397153534,0.00437532199391731
2014-08-13,0.0043753286342784,0.00437533874630881
2014-08-14,0.0043753223957434,0.00437530802056937
2014-08-15,0.0043753161572084,0.00437530294067868
2014-08-16,0.0043753071702756,0.00437529892084851
2014-08-17,0.0043752949551319,0.00437528629079543
2014-08-18,0.0043752869282694,0.00437527455446254
2014-08-19,0.00437528226037885,0.00437526591489498
2014-08-20,0.0043752775924883,0.00437525917555211
2014-08-21,0.0043751195671439,0.00437525362556924
2014-08-22,0.004375256303123,0.004375109980065
2014-08-23,0.0043752441749109,0.0043752404956223
2014-08-24,0.00437523621322015,0.00437519907591427
2014-08-25,0.0043752282515294,0.00437522233777438
2014-08-26,0.0043750716220319,0.00437520142994599
2014-08-27,0.004375116212032,0.00437505776099929
2014-08-28,0.0043751608020321,0.00437510965827767
2014-08-29,0.0043752053920322,0.0043751229597345
2014-08-30,0.0043751929586774,0.00437517807670891
2014-08-31,0.0043751838844946,0.00437516591269981
2014-09-01,0.0043751745048688,0.00437515781925903
2014-09-02,0.0043751648635041,0.00437514702659886
2014-09-03,0.0043751533025558,0.00437513770844751
2014-09-04,0.0043751429194915,0.00437512634577793
2014-09-05,0.0043751321874295,0.00437511593743272
2014-09-06,0.0043751229389569,0.00437510521038533
2014-09-07,0.00437502123951095,0.00437509607197321
2014-09-08,0.004374919540065,0.00437500345226807
2014-09-09,0.00437495873448787,0.00437491657927946
2014-09-10,0.00437499792891073,0.0043749440153137
2014-09-11,0.0043750371233336,0.00437497059346253
2014-09-12,0.004375026129687,0.00437501626049013
2014-09-13,0.00437502050195675,0.00437500449143377
2014-09-14,0.0043750148742265,0.00437500238982594
2014-09-15,0.0043750013941546,0.00437499502999375
2014-09-16,0.0043749970316425,0.00437498318840882
2014-09-17,0.0043749926691304,0.00437497993319845
2014-09-18,0.0043749789706127,0.00437497444774869
2014-09-19,0.00437497094354907,0.00437496289347638
2014-09-20,0.00437496291648543,0.00437495619102659
2014-09-21,0.0043749548894218,0.00437494777242836
2014-09-22,0.004374945727955,0.0043749412096754
2014-09-23,0.0043749354322368,0.00437493301872581
2014-09-24,0.00437493072069145,0.00437492380863478
2014-09-25,0.0043749260091461,0.00437491983413616
2014-09-26,0.0043749169785702,0.00437491538037531
2014-09-27,0.00437490430527705,0.004374907933439
2014-09-28,0.0043748916319839,0.00437489707090381
2014-09-29,0.0043748822524497,0.00437488586934027
2014-09-30,0.0043748723929922,0.00437487761602402
2014-10-01,0.0043746934697573,0.00437486891026168
2014-10-02,0.00437477045434165,0.00437470845649745
2014-10-03,0.004374847438926,0.00437478814807241
2014-10-04,0.0043748397174265,0.00437483000140308
2014-10-05,0.0043748299451906,0.00437484385758163
2014-10-06,0.0043748208273996,0.00437484025715812
2014-10-07,0.0043748117096086,0.00437482432792243
2014-10-08,0.0043746282490725,0.004374820777216
2014-10-09,0.0043747849666284,0.00437465626470018
2014-10-10,0.0043747725767063,0.00437480741279007
2014-10-11,0.004374766512634,0.00437476445628373
2014-10-12,0.0043747604485617,0.00437479637818436
2014-10-13,0.0043747498037427,0.00437477775284434
2014-10-14,0.0043747399006253,0.00437476802471803
2014-10-15,0.0043747233227801,0.0043747654341166
2014-10-16,0.0043747125908205,0.00437474859744536
2014-10-17,0.0043747028622235,0.00437474095987107
2014-10-18,0.00437469431160335,0.00437473317691848
2014-10-19,0.0043746857609832,0.00437472668371534
2014-10-20,0.0043746762069835,0.00437472047956006
2014-10-21,0.004374667045572,0.00437471333500536
2014-10-22,0.0043746618759077,0.00437470662776816
2014-10-23,0.0043746567062434,0.00437470343526975
2014-10-24,0.0043746431822368,0.00437470016624882
2014-10-25,0.004374918543032,0.00437469002885856
2014-10-26,0.0043751939038272,0.00437494033684188
2014-10-27,0.0043754692646224,0.00437517271202007
2014-10-28,0.0043754542132765,0.00437544502682187
2014-10-29,0.0043754473857142,0.0043754327761568
2014-10-30,0.0043754405581519,0.00437544527001521
2014-10-31,0.0043754243292804,0.00437542132936447
2014-11-01,0.004375407532954,0.00437540798777217
2014-11-02,0.0043753956229716,0.00437539306547365
2014-11-03,0.004375382360359,0.00437537696937926
2014-11-04,0.0043753764054079,0.00437536330964918
2014-11-05,0.0043753704504568,0.00437535624310767
2014-11-06,0.0043753571010181,0.0043753476889735
2014-11-07,0.0043753462383421,0.00437533426928057
2014-11-08,0.0043753405669838,0.00437532287284777
2014-11-09,0.0043753348956255,0.00437531496428456
2014-11-10,0.0043753197140286,0.00437530794467166
2014-11-11,0.0043753103344823,0.00437529275893198
2014-11-12,0.0043751687143184,0.00437528286088377
2014-11-13,0.00437523071209685,0.00437515250400143
2014-11-14,0.0043752927098753,0.00437521487823823
2014-11-15,0.004375284857401,0.00437524684509051
2014-11-16,0.0043752742131944,0.00437525404055223
2014-11-17,0.00437526474629405,0.00437524670673753
2014-11-18,0.0043752552793937,0.00437522980025416
2014-11-19,0.0043752481687027,0.00437522276961
2014-11-20,0.0043752386583522,0.00437521486692742
2014-11-21,0.0043752295405883,0.00437520384443732
2014-11-22,0.0043752203791955,0.00437519510254182
2014-11-23,0.0043752111305046,0.00437518518725346
2014-11-24,0.00437520556822545,0.0043751755009995
2014-11-25,0.0043752000059463,0.00437516935743861
2014-11-26,0.0043751846932394,0.00437516285170158
2014-11-27,0.004375174266635,0.00437514818663268
2014-11-28,0.0043751642766049,0.00437513825767935
2014-11-29,0.00437515518058095,0.00437512713873619
2014-11-30,0.004375146084557,0.00437511834345185
2014-12-01,0.00437513777376405,0.00437510913493061
2014-12-02,0.0043751294629711,0.00437510065225396
2014-12-03,0.0043749568229159,0.00437509226378842
2014-12-04,0.0043751022402694,0.00437493602228586
2014-12-05,0.0043750889560205,0.00437507583091811
2014-12-06,0.0043750756717716,0.00437503182145578
2014-12-07,0.0043750621038924,0.00437505341953729
2014-12-08,0.0043750501502239,0.00437502773142708
2014-12-09,0.00437504210105095,0.00437501471737667
2014-12-10,0.004375034051878,0.00437501151791272
2014-12-11,0.0043750178230468,0.00437500121019601
2014-12-12,0.004375007352782,0.00437498674281209
2014-12-13,0.0043750018777685,0.00437497801640953
2014-12-14,0.004374996402755,0.00437497146198407
2014-12-15,0.0043749839256572,0.00437496666044349
2014-12-16,0.0043749676967502,0.00437495570166578
2014-12-17,0.0043748220629836,0.00437494118634921
2014-12-18,0.0043749481524912,0.00437480981379989
2014-12-19,0.0043749396673509,0.00437493075416984
2014-12-20,0.0043749311822106,0.00437489725113575
2014-12-21,0.0043749211046162,0.00437491882513559
2014-12-22,0.0043749111579107,0.00437489899981059
2014-12-23,0.0043749013420942,0.00437488906683861
2014-12-24,0.0043748909155471,0.00437488435978301
2014-12-25,0.0043748845902917,0.00437487319878668
2014-12-26,0.0043748687246208,0.00437486815603275
2014-12-27,0.0043748528589499,0.00437485446153977
2014-12-28,0.004374836993279,0.00437484117935936
2014-12-29,0.00437482842076345,0.00437482677183508
2014-12-30,0.0043748198482479,0.00437481968674194
2014-12-31,0.0043748096398119,0.00437481217710364
2015-01-01,0.0043746682375443,0.00437480408239169
2015-01-02,0.0043747948947724,0.00437467760748812
2015-01-03,0.0043747829412417,0.00437480005726116
2015-01-04,0.00437477617914655,0.00437476443428969
2015-01-05,0.0043747694170514,0.00437478841657951
2015-01-06,0.004374626139211,0.00437477177068553
2015-01-07,0.0043747451610814,0.00437464290018082
2015-01-08,0.0043747379192277,0.00437476311101138
2015-01-09,0.004374730677374,0.00437472965182068
2015-01-10,0.0043747212978624,0.0043747525750766
2015-01-11,0.0043747077739643,0.00437473558381067
2015-01-12,0.0043746986561897,0.00437472303173316
2015-01-13,0.0043746897129747,0.0043747201900939
2015-01-14,0.0043745401084155,0.00437471092719839
2015-01-15,0.0043746696014853,0.00437457810360857
2015-01-16,0.0043746595239889,0.00437470489314538
2015-01-17,0.0043746542016702,0.00437466972635446
2015-01-18,0.0043746488793515,0.0043746966992678
2015-01-19,0.004374639368998,0.00437468199861892
2015-01-20,0.004374629684003,0.00437467398096194
2015-01-21,0.0043746196499727,0.00437467134581279
2015-01-22,0.0043746089182857,0.00437466156479712
2015-01-23,0.00437459442310347,0.00437465399205888
2015-01-24,0.00437457992792125,0.00437464327827643
2015-01-25,0.00437456543273903,0.00437463184747509
2015-01-26,0.0043745509375568,0.00437462053026288
2015-01-27,0.0043745176056051,0.00437460948043098
2015-01-28,0.0043753788533896,0.00437458169859265
2015-01-29,0.0043753744254381,0.00437536067764698
2015-01-30,0.0043753699974866,0.0043753051476002
2015-01-31,0.0043753643264506,0.00437542338816665
2015-02-01,0.0043753586558337,0.00437535184153913
2015-02-02,0.0043753527231478,0.00437535025688016
2015-02-03,0.00437534766267495,0.00437535780194097
2015-02-04,0.0043753426022021,0.00437534038290614
2015-02-05,0.0043753320888858,0.0043753365588797
2015-02-06,0.0043753231457695,0.00437532670049979
2015-02-07,0.00437531601298265,0.00437531546997686
2015-02-08,0.0043753088801958,0.00437530737222112
2015-02-09,0.0043752983228751,0.00437529927335365
2015-02-10,0.00437528972848145,0.00437528793347749
2015-02-11,0.0043752811340878,0.00437527873390543
2015-02-12,0.0043752692677588,0.00437526896157235
2015-02-13,0.00437522507189468,0.00437525678820921
2015-02-14,0.00437518087603057,0.00437521558100731
2015-02-15,0.00437513668016645,0.00437517580979675
2015-02-16,0.00437509248430233,0.00437513202116991
2015-02-17,0.00437504828843822,0.00437509080531432
2015-02-18,0.0043750040925741,0.00437504954695675
2015-02-19,0.004374993709566,0.00437500803559634
2015-02-20,0.0043751381669258,0.00437499765392028
2015-02-21,0.00437511735707,0.00437512484819644
2015-02-22,0.0043751065815255,0.00437509891630272
2015-02-23,0.0043750965912697,0.00437511033913257
2015-02-24,0.0043750855977495,0.00437508737569302
2015-02-25,0.0043750083524245,0.00437507877426718
2015-02-26,0.0043749311070995,0.00437501105570358
2015-02-27,0.0043750645706452,0.0043749425704011
2015-02-28,0.004375055802358,0.00437505775811354
2015-03-01,0.0043750585735113,0.00437503737962387
2015-03-02,0.0043750613446646,0.00437506379162965
2015-03-03,0.0043750511799813,0.0043750532095733
2015-03-04,0.00437504603213175,0.00437504523910206
2015-03-05,0.0043750408842822,0.00437504402180974
2015-03-06,0.00437503146113045,0.00437503573103089
2015-03-07,0.0043750220379787,0.00437502802320612
2015-03-08,0.0043750089503382,0.00437501982382678
2015-03-09,0.00437501257267665,0.00437500700520085
2015-03-10,0.0043750161950151,0.00437501052321824
2015-03-11,0.0043750027581704,0.0043750123553613
2015-03-12,0.0043747924646311,0.00437500123964712
2015-03-13,0.0043749843478682,0.00437481279433192
2015-03-14,0.0043749731795424,0.00437499570827978
2015-03-15,0.0043749619239583,0.00437494711155717
2015-03-16,0.0043749501882568,0.0043749803677782
2015-03-17,0.0043749384525553,0.00437495319017057
2015-03-18,0.0043749186463734,0.00437494076554385
2015-03-19,0.004374897297814,0.00437492887543828
2015-03-20,0.0043748759492546,0.00437490705154811
2015-03-21,0.0043748546006952,0.00437488781576311
2015-03-22,0.00437484792584105,0.00437486942301634
2015-03-23,0.0043748412509869,0.0043748631939275
2015-03-24,0.0043748303445292,0.00437485674653545
2015-03-25,0.0043748112800989,0.00437484858761088
2015-03-26,0.00437480545610725,0.00437483212898012
2015-03-27,0.0043747996321156,0.0043748277253306
2015-03-28,0.0043747870681317,0.00437482203619028
2015-03-29,0.0043747769908545,0.00437481255215197
2015-03-30,0.00437477065092317,0.00437480468592375
2015-03-31,0.00437476431099183,0.00437479917649686
2015-04-01,0.0043747579710605,0.00437479463473008
2015-04-02,0.004374596935451,0.00437479018793185
2015-04-03,0.0043747443159964,0.00437464618584592
2015-04-04,0.0043747659146741,0.00437478920918368
2015-04-05,0.00437476013422835,0.00437477988390232
2015-04-06,0.0043747543537826,0.00437480745526444
2015-04-07,0.0043745428829077,0.00437479481060901
2015-04-08,0.0043745315401213,0.00437460188571052
2015-04-09,0.0043747259534053,0.00437460966570577
2015-04-10,0.0043747149159822,0.00437475642952142
2015-04-11,0.00437493576930237,0.00437475159596949
2015-04-12,0.00437515662262253,0.00437498020137693
2015-04-13,0.0043753774759427,0.00437514794393125
2015-04-14,0.0043753662207706,0.00437537019488389
2015-04-15,0.0043753504277827,0.00437536396914073
2015-04-16,0.0043751968997551,0.00437536169856099
