day_time,mean_motion
2011-01-27,0.0043752875783886
2011-01-28,0.0043752828233976
2011-01-29,0.0043752748395083
2011-01-30,0.0043751295538122
2011-01-31,0.0043751896319928
2011-02-01,0.0043752497101734
2011-02-02,0.0043752448677317
2011-02-03,0.0043752379310419
2011-02-04,0.004375232186910134
2011-02-05,0.004375226442778366
2011-02-06,0.0043752206986466
2011-02-07,0.0043752117987263
2011-02-08,0.0043752091377505
2011-02-09,0.0043751994960964
2011-02-10,0.0043751912069002
2011-02-11,0.0043751829612787
2011-02-12,0.0043751734505331
2011-02-13,0.0043751672991291
2011-02-14,0.0043751567412211
2011-02-15,0.0043751464451293
2011-02-16,0.0043751375887172
2011-02-17,0.0043751337058799
2011-02-18,0.004375123889676
2011-02-19,0.0043751086200495
2011-02-20,0.0043750917359918
2011-02-21,0.0043750542150909
2011-02-22,0.0043750437007454
2011-02-23,0.0043750323575902
2011-02-24,0.00437502592253525
2011-02-25,0.0043750194874803
2011-02-26,0.0043750039997537
2011-02-27,0.0043749946635383
2011-02-28,0.0043749859380988
2011-03-01,0.0043749772127346
2011-03-02,0.0043749685745181
2011-03-03,0.00437495915102935
2011-03-04,0.0043749497275406
2011-03-05,0.0043749394314642
2011-03-06,0.004374944601887
2011-03-07,0.0043749497723098
2011-03-08,0.0043749369460146
2011-03-09,0.0043749273915663
2011-03-10,0.0043747597674279
2011-03-11,0.0043749100278493
2011-03-12,0.0043749001680927
2011-03-13,0.00437489118083
2011-03-14,0.0043748822372169
2011-03-15,0.0043748738170798
2011-03-16,0.0043748594200186
2011-03-17,0.0043748438011201
2011-03-18,0.0043748319343746
2011-03-19,0.0043748191950029
2011-03-20,0.0043748086807732
2011-03-21,0.0043747990827432
2011-03-22,0.004374788132181
2011-03-23,0.0043747757854959
2011-03-24,0.0043746498710931
2011-03-25,0.0043747496961818
2011-03-26,0.0043747418868847
2011-03-27,0.0043747335977034
2011-03-28,0.0043747238251777
2011-03-29,0.0043754337210969
2011-03-30,0.0043754253446998
2011-03-31,0.0043754253448399
2011-04-01,0.0043754093771799
2011-04-02,0.0043754044475911
2011-04-03,0.0043753952858471
2011-04-04,0.0043753842480393
2011-04-05,0.004375377878481
2011-04-06,0.0043753696766877
2011-04-07,0.0043753613438658
2011-04-08,0.0043753534473186
2011-04-09,0.0043753415806338
2011-04-10,0.0043753309354528
2011-04-11,0.0043753207702165
2011-04-12,0.0043753112594634
2011-04-13,0.0043752992619547
2011-04-14,0.0043752892712182
2011-04-15,0.0043752321174286
2011-04-16,0.0043752255296681
2011-04-17,0.0043752128777419
2011-04-18,0.0043752038032887
2011-04-19,0.0043751965175612
2011-04-20,0.0043751839093296
2011-04-21,0.0043751750094588
2011-04-22,0.0043751747477028
2011-04-23,0.0043751619215755
2011-04-24,0.0043751555085233
2011-04-25,0.0043751487027031
2011-04-26,0.0043751425951834
2011-04-27,0.0043751356586019
2011-04-28,0.0043751263660725
2011-04-29,0.0043751192112402
2011-04-30,0.0043751113583372
2011-05-01,0.0043750992734402
2011-05-02,0.0043751109667871
2011-05-03,0.0043751038555237
2011-05-04,0.0043750935594584
2011-05-05,0.0043750806893622
2011-05-06,0.0043750702624114
2011-05-07,0.0043750612315392
2011-05-08,0.0043750481869067
2011-05-09,0.0043750368873893
2011-05-10,0.0043750284672886
2011-05-11,0.0043750190001245
2011-05-12,0.0043750046466549
2011-05-13,0.0043749939578894
2011-05-14,0.004374983050954
2011-05-15,0.0043749745000754
2011-05-16,0.004374963782275033
2011-05-17,0.004374953064474667
2011-05-18,0.0043749423466743
2011-05-19,0.0043749307854322
2011-05-20,0.0043748888147188
2011-05-21,0.0043748810928917
2011-05-22,0.0043748748980966
2011-05-23,0.0043748685722396
2011-05-24,0.0043748605013808
2011-05-25,0.0043748572296745
2011-05-26,0.0043748496385873
2011-05-27,0.0043748406951423
2011-05-28,0.0043748347620203
2011-05-29,0.004374832842413
2011-05-30,0.0043748177038957
2011-05-31,0.0043748092839413
2011-06-01,0.004374800994787
2011-06-02,0.0043746783086808
2011-06-03,0.0043749575814715
2011-06-04,0.0043752368542622
2011-06-05,0.00437521298964
2011-06-06,0.0043752088888272
2011-06-07,0.0043751990727351
2011-06-08,0.004375175775254
2011-06-09,0.0043751586731122
2011-06-10,0.0043751459338264
2011-06-11,0.0043751379501074
2011-06-12,0.0043751276977248
2011-06-13,0.0043751178379409
2011-06-14,0.0043751101159783
2011-06-15,0.004375100648906
2011-06-16,0.0043750982494216
2011-06-17,0.0043750837216278
2011-06-18,0.0043750753453616
2011-06-19,0.0043750672744575
2011-06-20,0.0043750611231819
2011-06-21,0.0043750523106698
2011-06-22,0.004375043105471
2011-06-23,0.0043750382630588
2011-06-24,0.0043750282724396
2011-06-25,0.0043750228192843
2011-06-26,0.0043750160134796
2011-06-27,0.0043750037105491
2011-06-28,0.00437499856259575
2011-06-29,0.0043749934146424
2011-06-30,0.004374977621634
2011-07-01,0.004374967718349
2011-07-02,0.0043749572042294
2011-07-03,0.0043749507038116
2011-07-04,0.00437493997154665
2011-07-05,0.0043749292392817
2011-07-06,0.0043749170236399
2011-07-07,0.0043749096070293
2011-07-08,0.004374854154463
2011-07-09,0.0043748458217975
2011-07-10,0.0043748352204714
2011-07-11,0.0043748260152659
2011-07-12,0.0043748171590509
2011-07-13,0.0043748083028359
2011-07-14,0.0043748045076384
2011-07-15,0.0043747970038441
2011-07-16,0.0043747897183386
2011-07-17,0.0043747887585615
2011-07-18,0.004374781342074
2011-07-19,0.004374770719048449
2011-07-20,0.0043747600960229
2011-07-21,0.0043747600964274
2011-07-22,0.0043746009365735
2011-07-23,0.0043747679944332
2011-07-24,0.0043747579166264
2011-07-25,0.0043747466171487
2011-07-26,0.004374735753918
2011-07-27,0.0043747237999998
2011-07-28,0.004374586149263
2011-07-29,0.004374703993213
2011-07-30,0.004374694220769
2011-07-31,0.0043746552599587
2011-08-01,0.0043746429569837
2011-08-02,0.0043746274255023
2011-08-03,0.004374623149985
2011-08-04,0.004374607836991
2011-08-05,0.00437496442093195
2011-08-06,0.0043753210048729
2011-08-07,0.0043753196969874
2011-08-08,0.004375312236985
2011-08-09,0.0043753026391413
2011-08-10,0.0043752933466797
2011-08-11,0.0043751828334474
2011-08-12,0.0043752824840248
2011-08-13,0.0043752756348144
2011-08-14,0.0043752687855065
2011-08-15,0.0043752628523192
2011-08-16,0.0043752587953974
2011-08-17,0.0043752514226376
2011-08-18,0.0043752438316572
2011-08-19,0.0043752532560654
2011-08-20,0.0043752427419622
2011-08-21,0.0043752330131404
2011-08-22,0.0043752262945286
2011-08-23,0.004375215235084599
2011-08-24,0.0043752041756406
2011-08-25,0.0043751974572034
2011-08-26,0.0043751573184825
2011-08-27,0.0043751326248125
2011-08-28,0.0043751050954533
2011-08-29,0.0043750969371222
2011-08-30,0.0043750747739863
2011-08-31,0.0043750544869689
2011-09-01,0.0043750442782811
2011-09-02,0.0043750376472335
2011-09-03,0.0043750321505528
2011-09-04,0.0043750267409804
2011-09-05,0.0043750250400903
2011-09-06,0.0043750253025775
2011-09-07,0.0043750183660551
2011-09-08,0.0043750129132388
2011-09-09,0.0043750161860341
2011-09-10,0.004375015444793
2011-09-11,0.0043750072430679
2011-09-12,0.0043750023135793
2011-09-13,0.0043749973839124
2011-09-14,0.0043749890948546
2011-09-15,0.0043749852560026
2011-09-16,0.0043749742183164
2011-09-17,0.0043749615663407
2011-09-18,0.0043749517064968
2011-09-19,0.00437493946896415
2011-09-20,0.0043749272314315
2011-09-21,0.0043749133577825
2011-09-22,0.004374902079983
2011-09-23,0.0043748908021835
2011-09-24,0.0043748603934018
2011-09-25,0.0043748299846201
2011-09-26,0.004374825709688
2011-09-27,0.0043748117705862
2011-09-28,0.0043747978314844
2011-09-29,0.0043747567333491
2011-09-30,0.0043747546398070665
2011-10-01,0.004374752546265033
2011-10-02,0.004374750452723
2011-10-03,0.0043747426436549
2011-10-04,0.0043747451751673
2011-10-05,0.00437474220886575
2011-10-06,0.0043747392425642
2011-10-07,0.004374738283326
2011-10-08,0.0043747376294933
2011-10-09,0.0043747273334727
2011-10-10,0.004374726330606
2011-10-11,0.0043747213570873
2011-10-12,0.0043747154244126
2011-10-13,0.0043747049976123
2011-10-14,0.0043747019436305
2011-10-15,0.0043746871106038
2011-10-16,0.0043746832713721
2011-10-17,0.0043754520670739
2011-10-18,0.0043754339175013
2011-10-19,0.0043754157679287
2011-10-20,0.00437539803342915
2011-10-21,0.0043753802989296
2011-10-22,0.0043753660326902
2011-10-23,0.0043753457893786
2011-10-24,0.0043753294289007
2011-10-25,0.0043753074838527
2011-10-26,0.0043752861060699
2011-10-27,0.0043752696585252
2011-10-28,0.0043752560468413
2011-10-29,0.0043752546072867
2011-10-30,0.0043752506818608
2011-10-31,0.0043752426548048
2011-11-01,0.0043752454478574
2011-11-02,0.0043752368970865
2011-11-03,0.004375238446726951
2011-11-04,0.0043752399963674
2011-11-05,0.0043752368987309
2011-11-06,0.0043752346962272
2011-11-07,0.0043752324937235
2011-11-08,0.004375223055769367
2011-11-09,0.004375213617815233
2011-11-10,0.0043752041798611
2011-11-11,0.00437520740945
2011-11-12,0.0043752106390389
2011-11-13,0.0043751871665046
2011-11-14,0.004375116909151367
2011-11-15,0.004375046651798133
2011-11-16,0.0043749763944449
2011-11-17,0.0043751988614042
2011-11-18,0.0043751145264145
2011-11-19,0.004375051133272349
2011-11-20,0.0043749877401302
2011-11-21,0.0043749886136149
2011-11-22,0.00437499555123675
2011-11-23,0.0043750024888586
2011-11-24,0.004374996010766999
2011-11-25,0.0043749895326754
2011-11-26,0.0043749711656048
2011-11-27,0.0043749842549206
2011-11-28,0.004374980241821467
2011-11-29,0.004374976228722334
2011-11-30,0.0043749722156232
2011-12-01,0.004374965497350733
2011-12-02,0.004374958779078267
2011-12-03,0.0043749520608058
2011-12-04,0.004374949094629
2011-12-05,0.004374945102875951
2011-12-06,0.0043749411111229
2011-12-07,0.00437483038019215
2011-12-08,0.0043747196492614
2011-12-09,0.0043749191242749
2011-12-10,0.0043748984882286
2011-12-11,0.004374884331130801
2011-12-12,0.004374870174033
2011-12-13,0.0043748682111698
2011-12-14,0.0043748509345118
2011-12-15,0.0043748295567415
2011-12-16,0.00437481559603675
2011-12-17,0.004374801635332
2011-12-18,0.0043747961385433
2011-12-19,0.0043747906417546
2011-12-20,0.0043747921261416
2011-12-21,0.0043747605392550504
2011-12-22,0.0043747289523685
2011-12-23,0.004374712548187
2011-12-24,0.00437470478271335
2011-12-25,0.0043746970172396996
2011-12-26,0.00437468925176605
2011-12-27,0.0043746814862924
2011-12-28,0.0043747476951328
2011-12-29,0.0043748139039732
2011-12-30,0.004374887660186475
2011-12-31,0.00437496141639975
2012-01-01,0.004375035172613025
2012-01-02,0.0043751089288263
2012-01-03,0.0043751303731634
2012-01-04,0.0043751518175005
2012-01-05,0.0043751732618376
2012-01-06,0.0043751947061747
2012-01-07,0.0043754485429161
2012-01-08,0.0043752530848044
2012-01-09,0.00437525511407945
2012-01-10,0.0043752571433545
2012-01-11,0.0043752497704823
2012-01-12,0.0043752430957417
2012-01-13,0.00437523152279055
2012-01-14,0.0043752199498393995
2012-01-15,0.00437520837688825
2012-01-16,0.0043751968039371
2012-01-17,0.004375173740591433
2012-01-18,0.004375150677245767
2012-01-19,0.0043751276139001
2012-01-20,0.004375107435788075
2012-01-21,0.00437508725767605
2012-01-22,0.004375067079564025
2012-01-23,0.004375046901452
2012-01-24,0.0043751008281242
2012-01-25,0.0043750944591508
2012-01-26,0.0043750880901774
2012-01-27,0.0043750756781833836
2012-01-28,0.004375063266189367
2012-01-29,0.00437505085419535
2012-01-30,0.004375038442201333
2012-01-31,0.004375026030207316
2012-02-01,0.0043750136182133
2012-02-02,0.004375011688281199
2012-02-03,0.0043750097583491
2012-02-04,0.004375007828417
2012-02-05,0.0043750058984849
2012-02-06,0.0043749647565960335
2012-02-07,0.004374923614707166
2012-02-08,0.0043748824728183
2012-02-09,0.0043749585634385
2012-02-10,0.00437493827635735
2012-02-11,0.0043749179892762
2012-02-12,0.0043749031125558
2012-02-13,0.0043748905914853
2012-02-14,0.0043748853125058
2012-02-15,0.0043748676002437
2012-02-16,0.004374857973317333
2012-02-17,0.004374848346390967
2012-02-18,0.0043748387194646
2012-02-19,0.0043748269840728
2012-02-20,0.004374839869897966
2012-02-21,0.004374852755723134
2012-02-22,0.0043748656415483
2012-02-23,0.0043748491393771
2012-02-24,0.0043748326372058995
2012-02-25,0.0043748161350347
2012-02-26,0.0043747996328635
2012-02-27,0.0043747815488606005
2012-02-28,0.0043747634648577
2012-02-29,0.0043747795655995
2012-03-01,0.0043745945773323
2012-03-02,0.0043746680066506
2012-03-03,0.0043747414359689
2012-03-04,0.0043747374662849
2012-03-05,0.004374723970733799
2012-03-06,0.0043747104751827
2012-03-07,0.0043746969796316
2012-03-08,0.0043745502966783
2012-03-09,0.0043745683166336
2012-03-10,0.0043745863365889
2012-03-11,0.0043747673140669
2012-03-12,0.0043749482915449
2012-03-13,0.0043751243365239
2012-03-14,0.0043751528701874
2012-03-15,0.0043752846759119
2012-03-16,0.0043752807934976
2012-03-17,0.0043752787866707
2012-03-18,0.0043752771732932
2012-03-19,0.0043752755599157
2012-03-20,0.0043752715032432
2012-03-21,0.0043752629960784
2012-03-22,0.0043752598117377
2012-03-23,0.0043752487740981
2012-03-24,0.0043752375183105
2012-03-25,0.0043752361228144
2012-03-26,0.0043752269614032
2012-03-27,0.0043752195886727
2012-03-28,0.0043752167098725
2012-03-29,0.0043752095115301
2012-03-30,0.0043751987358642
2012-03-31,0.0043751777072116
2012-04-01,0.0043751649243968
2012-04-02,0.0043750397523611
2012-04-03,0.004375144070425
2012-04-04,0.0043751258781783
2012-04-05,0.0043751093433633
2012-04-06,0.0043750875294187
2012-04-07,0.0043750712128511
2012-04-08,0.0043750580374742
2012-04-09,0.0043750477417735
2012-04-10,0.004375038580307
2012-04-11,0.0043750223513623
2012-04-12,0.0043750149352087
2012-04-13,0.0043750092639712
2012-04-14,0.00437500533834
2012-04-15,0.0043750028959801
2012-04-16,0.0043750028967059
2012-04-17,0.004374997269233
2012-04-18,0.0043749915106405
2012-04-19,0.0043749826545886
2012-04-20,0.0043749736677529
2012-04-21,0.0043749685202412
2012-04-22,0.0043749618019685
2012-04-23,0.0043749542982334
2012-04-24,0.0043749474055442
2012-04-25,0.0043749357571781
2012-04-26,0.004374785279312
2012-04-27,0.0043749159071421
2012-04-28,0.004374900942956001
2012-04-29,0.0043748859787699
2012-04-30,0.0043748749849139
2012-05-01,0.004374860413444
2012-05-02,0.004374842133436
2012-05-03,0.0043748245080387
2012-05-04,0.0043748099367058
2012-05-05,0.0043747948851489
2012-05-06,0.0043747796157811
2012-05-07,0.0043747700615705
2012-05-08,0.0043747518692667
2012-05-09,0.004374746416327751
2012-05-10,0.0043747409633888
2012-05-11,0.0043747378666103
2012-05-12,0.0043747396128052
2012-05-13,0.0043747397662563005
2012-05-14,0.0043747399197074
2012-05-15,0.0043747325031353
2012-05-16,0.0043750961994141
2012-05-17,0.0043754598956929
2012-05-18,0.00437542983554275
2012-05-19,0.0043753997753926
2012-05-20,0.0043754282660438
2012-05-21,0.0043754179265118
2012-05-22,0.0043754099864984
2012-05-23,0.0043753967238325
2012-05-24,0.0043752357314353
2012-05-25,0.0043753759575813
2012-05-26,0.0043753600335838
2012-05-27,0.0043753438477089
2012-05-28,0.0043753297125213
2012-05-29,0.004375308465868
2012-05-30,0.004375299915114
2012-05-31,0.00437527871205715
2012-06-01,0.0043752575090003
2012-06-02,0.0043752491982626505
2012-06-03,0.004375240887525
2012-06-04,0.0043752293486083
2012-06-05,0.0043752178096916
2012-06-06,0.0043752079502321
2012-06-07,0.004375204635154
2012-06-08,0.0043752025420199
2012-06-09,0.004375202542838351
2012-06-10,0.0043752025436568
2012-06-11,0.0043751988358153
2012-06-12,0.0043752000575096
2012-06-13,0.004375191856394
2012-06-14,0.0043751851818565
2012-06-15,0.0043751750168925
2012-06-16,0.0043751669024795
2012-06-17,0.0043751552977102
2012-06-18,0.0043751418387073
2012-06-19,0.0043751283797044
2012-06-20,0.0043751168404354505
2012-06-21,0.0043751053011665
2012-06-22,0.0043750799093851
2012-06-23,0.0043750713588216
2012-06-24,0.0043750604521972
2012-06-25,0.0043750427393421
2012-06-26,0.0043750303929822
2012-06-27,0.00437501383643345
2012-06-28,0.0043749972798847
2012-06-29,0.0043749875949207
2012-06-30,0.0043749760776264
2012-07-01,0.0043749552233848
2012-07-02,0.0043749458874634
2012-07-03,0.0043749355483487
2012-07-04,0.0043749284813381
2012-07-05,0.0043749231156257
2012-07-06,0.0043749196263382
2012-07-07,0.0043749170529857
2012-07-08,0.0043749142177849
2012-07-09,0.0043749102047698
2012-07-10,0.0043749140014265
2012-07-11,0.0043749057122606
2012-07-12,0.0043748959835751
2012-07-13,0.0043748890035254
2012-07-14,0.0043748820234757
2012-07-15,0.0043748715530891
2012-07-16,0.0043748641368008
2012-07-17,0.004374848605434
2012-07-18,0.0043748337285091
2012-07-19,0.0043746585134708
2012-07-20,0.004374797037724
2012-07-21,0.0043747848221275
2012-07-22,0.0043747661058479
2012-07-23,0.0043747436811738
2012-07-24,0.0043747335161971
2012-07-25,0.0043747234821087
2012-07-26,0.0043747165893408
2012-07-27,0.0043746928558928
2012-07-28,0.004374680335073
2012-07-29,0.0043746828657624
2012-07-30,0.0043746670734998
2012-07-31,0.0043746606169229
2012-08-01,0.0043746506705377
2012-08-02,0.0043746480534272
2012-08-03,0.0043746438659492
2012-08-04,0.0043746439977163
2012-08-05,0.00437463924302
2012-08-06,0.0043746345318808
2012-08-07,0.0043746343580973
2012-08-08,0.0043746307809037
2012-08-09,0.0043746272037101
2012-08-10,0.0043746176936649
2012-08-11,0.00437504057288335
2012-08-12,0.0043754634521018
2012-08-13,0.0043754546397811005
2012-08-14,0.0043754458274604
2012-08-15,0.0043754305141855
2012-08-16,0.004375216643019
2012-08-17,0.004375292864666451
2012-08-18,0.0043753690863139
2012-08-19,0.0043753636332981
2012-08-20,0.0043753353187047
2012-08-21,0.0043753235830852
2012-08-22,0.0043753059577858
2012-08-23,0.0043753254608605
2012-08-24,0.0043752845372065
2012-08-25,0.0043752766412434
2012-08-26,0.0043752723228595
2012-08-27,0.0043752668264438
2012-08-28,0.0043752570544539
2012-08-29,0.0043752549175079
2012-08-30,0.0043752494210947
2012-08-31,0.0043752468042264
2012-09-01,0.0043752438382487
2012-09-02,0.0043752407848622
2012-09-03,0.0043752377753684
2012-09-04,0.0043752312316638
2012-09-05,0.00437513681781555
2012-09-06,0.0043750424039673
2012-09-07,0.0043752075430897
2012-09-08,0.00437520132632565
2012-09-09,0.0043751951095616
2012-09-10,0.0043751782043173
2012-09-11,0.004375161299073
2012-09-12,0.0043751514394964
2012-09-13,0.0043751488218046
2012-09-14,0.0043751300619716
2012-09-15,0.0043751048453195
2012-09-16,0.0043750879615533
2012-09-17,0.0043750684164286
2012-09-18,0.0043750512274094
2012-09-19,0.0043750261414579
2012-09-20,0.0043750161075573
2012-09-21,0.0043750115704744
2012-09-22,0.0043750308995842
2012-09-23,0.0043750195785605
2012-09-24,0.0043750082575368
2012-09-25,0.0043749671160266
2012-09-26,0.0043749631472775
2012-09-27,0.0043749637153808
2012-09-28,0.0043749608803105
2012-09-29,0.0043749582633497
2012-09-30,0.0043749571297911
2012-10-01,0.0043749526367647
2012-10-02,0.0043749501499626
2012-10-03,0.0043749387639843
2012-10-04,0.0043749323511861
2012-10-05,0.0043749238442131
2012-10-06,0.0043749166897155
2012-10-07,0.0043749027292928
2012-10-08,0.0043748918226629
2012-10-09,0.0043748823993963
2012-10-10,0.0043748649049132
2012-10-11,0.0043748526021434
2012-10-12,0.0043748361110609
2012-10-13,0.0043748069675529
2012-10-14,0.0043747936613839
2012-10-15,0.0043747773883347
2012-10-16,0.0043747501645226
2012-10-17,0.0043747330191182
2012-10-18,0.0043747189715626
2012-10-19,0.004374709941357
2012-10-20,0.0043747075420099
2012-10-21,0.0043746985118453
2012-10-22,0.0043746894816807
2012-10-23,0.00437468099694775
2012-10-24,0.0043746725122148
2012-10-25,0.0043747049297678
2012-10-26,0.0043746998253175
2012-10-27,0.0043746866505967
2012-10-28,0.0043746803688599
2012-10-29,0.0043746729963873
2012-10-30,0.00437466813247185
2012-10-31,0.0043746632685564
2012-11-01,0.0043754008255352
2012-11-02,0.0043754341372414
2012-11-03,0.0043754674489476005
2012-11-04,0.0043755007606538
2012-11-05,0.00437553407236
2012-11-06,0.0043755360370732
2012-11-07,0.0043755203314993
2012-11-08,0.0043755027205880336
2012-11-09,0.004375485109676767
2012-11-10,0.0043754674987655
2012-11-11,0.0043754441575627
2012-11-12,0.0043754241762261
2012-11-13,0.0043754016645806
2012-11-14,0.00437539023458
2012-11-15,0.0043753767106467
2012-11-16,0.0043753631867134
2012-11-17,0.0043753582139962
2012-11-18,0.004375353241279
2012-11-19,0.0043753515843635
2012-11-20,0.0043753374495024
2012-11-21,0.00437534126792455
2012-11-22,0.0043753450863467
2012-11-23,0.0043753393717728
2012-11-24,0.0043753410305785
2012-11-25,0.0043753304295869
2012-11-26,0.0043753273108471
2012-11-27,0.0043753241921073
2012-11-28,0.0043751026848511
2012-11-29,0.0043753052150706
2012-11-30,0.0043752960098614
2012-12-01,0.0043752868046522
2012-12-02,0.0043752711863992
2012-12-03,0.0043752595382659
2012-12-04,0.0043752523180366
2012-12-05,0.0043752450978073
2012-12-06,0.0043752244623723
2012-12-07,0.00437519843827335
2012-12-08,0.0043751724141744
2012-12-09,0.0043751471754278
2012-12-10,0.0043751219366812
2012-12-11,0.0043751024354943
2012-12-12,0.0043751185790471
2012-12-13,0.00437509635112545
2012-12-14,0.0043750741232038
2012-12-15,0.0043750625625238
2012-12-16,0.0043750510018438
2012-12-17,0.0043750507191555495
2012-12-18,0.0043750504364673
2012-12-19,0.0043750486921931
2012-12-20,0.0043750468608664
2012-12-21,0.0043750461199681505
2012-12-22,0.0043750453790699
2012-12-23,0.004375006898215
2012-12-24,0.00437500175055725
2012-12-25,0.0043749966028995
2012-12-26,0.0043749886052130505
2012-12-27,0.0043749806075266
2012-12-28,0.00437497260984015
2012-12-29,0.0043749646121537
2012-12-30,0.00437495661446725
2012-12-31,0.0043749486167808
2013-01-01,0.0043749419642019755
2013-01-02,0.00437493531162315
2013-01-03,0.0043749286590443245
2013-01-04,0.0043749220064655
2013-01-05,0.004374876985249067
2013-01-06,0.004374831964032633
2013-01-07,0.0043747869428162
2013-01-08,0.0043747737671899
2013-01-09,0.0043746249910045
2013-01-10,0.0043747515604535
2013-01-11,0.0043747342838492
2013-01-12,0.0043747271288643
2013-01-13,0.0043747199738794
2013-01-14,0.0043747082379913
2013-01-15,0.0043746928374198
2013-01-16,0.00437468022904
2013-01-17,0.0043746708055539
2013-01-18,0.0043746622982299
2013-01-19,0.00437465623398375
2013-01-20,0.0043746501697376
2013-01-21,0.0043746396991856
2013-01-22,0.004374632238926833
2013-01-23,0.004374624778668066
2013-01-24,0.0043746173184093
2013-01-25,0.004374608985703
2013-01-26,0.0043745999984801
2013-01-27,0.00437459548304465
2013-01-28,0.0043745909676092
2013-01-29,0.0043745742582456
2013-01-30,0.0043744144874841
2013-01-31,0.0043745801493104
2013-02-01,0.00437457018037075
2013-02-02,0.0043745602114311
2013-02-03,0.0043745448542959
2013-02-04,0.0043745347327135
2013-02-05,0.0043745349075628
2013-02-06,0.0043752693662764
2013-02-07,0.0043752656582464
2013-02-08,0.004375252068106799
2013-02-09,0.0043752384779672
2013-02-10,0.0043752261750194
2013-02-11,0.00437522035082485
2013-02-12,0.0043752145266303
2013-02-13,0.0043752057140581
2013-02-14,0.00437520087146945
2013-02-15,0.0043751960288808
2013-02-16,0.0043751858202471
2013-02-17,0.004375176484045
2013-02-18,0.004375180760147567
2013-02-19,0.004375185036250133
2013-02-20,0.0043751893123527
2013-02-21,0.0043751815467531
2013-02-22,0.0043751714251642
2013-02-23,0.004375165797207099
2013-02-24,0.00437516016925
2013-02-25,0.0043751441579094
2013-02-26,0.004375131898501
2013-02-27,0.00437511983543535
2013-02-28,0.0043751077723697
2013-03-01,0.0043750966909372
2013-03-02,0.00437508637298075
2013-03-03,0.0043750760550243
2013-03-04,0.0043750632284574
2013-03-05,0.0043750501400732
2013-03-06,0.0043750336921772
2013-03-07,0.0043750241377812
2013-03-08,0.0043750145833852
2013-03-09,0.0043750038073834
2013-03-10,0.0043749926168551
2013-03-11,0.0043749814263268
2013-03-12,0.0043749695595937
2013-03-13,0.0043749586526677
2013-03-14,0.0043749474403568
2013-03-15,0.00437493758052885
2013-03-16,0.0043749277207009
2013-03-17,0.0043749172937424
2013-03-18,0.00437491208026355
2013-03-19,0.0043749068667847
2013-03-20,0.00437489229524
2013-03-21,0.0043748800359525
2013-03-22,0.0043748703506984
2013-03-23,0.0043748654426169
2013-03-24,0.0043748605345354
2013-03-25,0.0043748511982759
2013-03-26,0.0043748368448845
2013-03-27,0.00437482796671545
2013-03-28,0.0043748190885464
2013-03-29,0.0043748070037625
2013-03-30,0.0043747976020633
2013-03-31,0.0043747882003641
2013-04-01,0.004374782245262851
2013-04-02,0.0043747762901616
2013-04-03,0.004374766677609833
2013-04-04,0.0043747570650580665
2013-04-05,0.0043747474525063
2013-04-06,0.0043746896445547
2013-04-07,0.0043746858708663
2013-04-08,0.0043746820971779
2013-04-09,0.0043746988951031
2013-04-10,0.0043753756324756
2013-04-11,0.0043753709646033
2013-04-12,0.0043753653804909
2013-04-13,0.0043753602542917006
2013-04-14,0.0043753551280925
2013-04-15,0.0043753444833142
2013-04-16,0.0043753363686737
2013-04-17,0.0043753280795378
2013-04-18,0.0043753180888542
2013-04-19,0.0043753073128625
2013-04-20,0.004375297453046
2013-04-21,0.004375292108691101
2013-04-22,0.0043752867643362
2013-04-23,0.00437527201824405
2013-04-24,0.0043752572721519
2013-04-25,0.0043752462998108005
2013-04-26,0.0043752353274697
2013-04-27,0.0043752238534808
2013-04-28,0.0043752139718544
2013-04-29,0.004375204090228
2013-04-30,0.0043751755570894
2013-05-01,0.0043751470239508
2013-05-02,0.004375137455080767
2013-05-03,0.004375127886210733
2013-05-04,0.0043751183173407
2013-05-05,0.0043751097010078
2013-05-06,0.0043751010846749
2013-05-07,0.0043750932318933
2013-05-08,0.0043750850736833
2013-05-09,0.0043750804928628
2013-05-10,0.0043750759120423
2013-05-11,0.0043750676665749
2013-05-12,0.0043750558873263
2013-05-13,0.0043750480781319
2013-05-14,0.0043750384801522
2013-05-15,0.0043750296238745
2013-05-16,0.004375018717037
2013-05-17,0.0043750097952714
2013-05-18,0.0043750008735058
2013-05-19,0.0043750061097074
2013-05-20,0.0043749956827501
2013-05-21,0.0043749901202591
2013-05-22,0.0043749845577681
2013-05-23,0.0043748361304619
2013-05-24,0.0043749512261801
2013-05-25,0.0043749455328141
2013-05-26,0.0043749398394481
2013-05-27,0.0043749224758765
2013-05-28,0.0043748713423667
2013-05-29,0.0043748202088569
2013-05-30,0.0043747690753471
2013-05-31,0.0043748502274289
2013-06-01,0.0043748394078846
2013-06-02,0.00437483120600355
2013-06-03,0.0043748230041225
2013-06-04,0.0043748143660068
2013-06-05,0.0043748137993061004
2013-06-06,0.0043748132326054
2013-06-07,0.0043748036128171495
2013-06-08,0.0043747939930289
2013-06-09,0.0043747881688156
2013-06-10,0.0043747823446023
2013-06-11,0.0043747658098908
2013-06-12,0.004374756560968
2013-06-13,0.0043747476174047
2013-06-14,0.0043747386738414
2013-06-15,0.004374733482221799
2013-06-16,0.0043747282906022
2013-06-17,0.0043747149407036
2013-06-18,0.0043745868013095
2013-06-19,0.0043746900731087
2013-06-20,0.00437467380855106
2013-06-21,0.00437465754399342
2013-06-22,0.0043746412794357795
2013-06-23,0.0043746250148781396
2013-06-24,0.0043746087503205
2013-06-25,0.004374877057422433
2013-06-26,0.004375145364524366
2013-06-27,0.0043754136716263
2013-06-28,0.0043754067350515
2013-06-29,0.0043753925562068
2013-06-30,0.0043753870593812
2013-07-01,0.0043753829151908
2013-07-02,0.0043753792288307
2013-07-03,0.0043753755424706
2013-07-04,0.0043753654648959
2013-07-05,0.0043753611458855
2013-07-06,0.0043753568268751
2013-07-07,0.0043753493667524
2013-07-08,0.0043753423428758
2013-07-09,0.0043753308690164
2013-07-10,0.00437531887158
2013-07-11,0.0043751786903451
2013-07-12,0.004375299762864
2013-07-13,0.0043752944185519
2013-07-14,0.0043752890742398
2013-07-15,0.0043752735865001
2013-07-16,0.0043752608036638
2013-07-17,0.0043752503330903
2013-07-18,0.0043751122896999
2013-07-19,0.004375165103823
2013-07-20,0.0043752179179461
2013-07-21,0.004375194460166634
2013-07-22,0.004375171002387167
2013-07-23,0.0043751475446077
2013-07-24,0.0043751322751974
2013-07-25,0.004375010636534
2013-07-26,0.0043750632977961005
2013-07-27,0.0043751159590582
2013-07-28,0.0043751088480342
2013-07-29,0.0043751015624931
2013-07-30,0.004375089347051
2013-07-31,0.0043750806217904
2013-08-01,0.0043750769790593
2013-08-02,0.0043750733363282
2013-08-03,0.0043750663124917
2013-08-04,0.0043750590705339
2013-08-05,0.0043750478584737
2013-08-06,0.0043750380860853
2013-08-07,0.00437503269817815
2013-08-08,0.004375027310271
2013-08-09,0.0043750183231379
2013-08-10,0.004375004449736
2013-08-11,0.0043749916669441
2013-08-12,0.00437498545005355
2013-08-13,0.004374979233163
2013-08-14,0.0043749686753725
2013-08-15,0.0043749577466812
2013-08-16,0.0043749468179899
2013-08-17,0.0043749378309127
2013-08-18,0.00437492533178195
2013-08-19,0.0043749128326512
2013-08-20,0.0043748705996496
2013-08-21,0.0043747899074397
2013-08-22,0.0043747092152298
2013-08-23,0.004374844510631
2013-08-24,0.0043748353926186
2013-08-25,0.0043748260564856
2013-08-26,0.004374811223406
2013-08-27,0.0043748030216147
2013-08-28,0.004374808737646
2013-08-29,0.0043747991397396
2013-08-30,0.004374789759929
2013-08-31,0.004374784611967
2013-09-01,0.004374779464005
2013-09-02,0.0043747649362344
2013-09-03,0.0043747529388424
2013-09-04,0.0043746608592340995
2013-09-05,0.0043745687796258
2013-09-06,0.0043747290749238
2013-09-07,0.0043747176882419
2013-09-08,0.00437470911555535
2013-09-09,0.0043747005428688
2013-09-10,0.0043746902468725
2013-09-11,0.0043746805180597
2013-09-12,0.0043746698295318
2013-09-13,0.004374661104251
2013-09-14,0.0043746443219059
2013-09-15,0.0043746275395608
2013-09-16,0.0043746107572157
2013-09-17,0.0043753424245708
2013-09-18,0.0043753457407033
2013-09-19,0.0043753490568358
2013-09-20,0.0043753437782069
2013-09-21,0.0043753438662695
2013-09-22,0.0043753388494458
2013-09-23,0.0043753323928239
2013-09-24,0.0043753240603516
2013-09-25,0.0043753179963962
2013-09-26,0.0043753101000312
2013-09-27,0.0043753049522955
2013-09-28,0.00437530089506705
2013-09-29,0.0043752968378386
2013-09-30,0.0043752843169701
2013-10-01,0.0043752753298446
2013-10-02,0.0043752632888207
2013-10-03,0.0043752532545896
2013-10-04,0.00437524308072948
2013-10-05,0.004375232906869361
2013-10-06,0.00437522273300924
2013-10-07,0.00437521255914912
2013-10-08,0.004375202385289
2013-10-09,0.0043751928747515
2013-10-10,0.0043751784340589
2013-10-11,0.0043751683779633
2013-10-12,0.0043751583218677
2013-10-13,0.0043751114647127
2013-10-14,0.0043751000780579
2013-10-15,0.0043750892585318
2013-10-16,0.0043750790062168
2013-10-17,0.00437507374922655
2013-10-18,0.0043750684922363
2013-10-19,0.0043750531357747
2013-10-20,0.00437504831503865
2013-10-21,0.0043750434943026
2013-10-22,0.004375042360797
2013-10-23,0.0043749052343947
2013-10-24,0.0043750236449007
2013-10-25,0.00437501775528635
2013-10-26,0.004375011865672
2013-10-27,0.0043750030095061
2013-10-28,0.0043749945896076
2013-10-29,0.0043749809344268
2013-10-30,0.0043749698969306
2013-10-31,0.004374960473529
2013-11-01,0.0043749548892955
2013-11-02,0.004374949305062
2013-11-03,0.0043749395326541
2013-11-04,0.004374929673016
2013-11-05,0.0043749197260916
2013-11-06,0.0043749110882206
2013-11-07,0.0043748875729047
2013-11-08,0.004374880996302375
2013-11-09,0.00437487441970005
2013-11-10,0.0043748678430977255
2013-11-11,0.0043748612664954
2013-11-12,0.0043748119222917
2013-11-13,0.0043748014519049
2013-11-14,0.0043747926394097
2013-11-15,0.00437480263141
2013-11-16,0.0043747897172625
2013-11-17,0.0043747758440096
2013-11-18,0.004374763410473
2013-11-19,0.00437475745538175
2013-11-20,0.0043747515002905
2013-11-21,0.0043747395466515
2013-11-22,0.0043747313885752
2013-11-23,0.0043754174182906
2013-11-24,0.0043754565113755
2013-11-25,0.00437545092710795
2013-11-26,0.0043754453428404
2013-11-27,0.004375427673806
2013-11-28,0.0043754144983176
2013-11-29,0.0043753962183284
2013-11-30,0.0043753878418352
2013-12-01,0.004375379465342
2013-12-02,0.0043753594839801
2013-12-03,0.0043753448251517
2013-12-04,0.0043753357073524
2013-12-05,0.00437532301170535
2013-12-06,0.0043753103160583
2013-12-07,0.0043752943484076
2013-12-08,0.0043752794278647
2013-12-09,0.0043752677793268
2013-12-10,0.0043752590757632
2013-12-11,0.0043752503721996
2013-12-12,0.0043752371096081
2013-12-13,0.004375231416360851
2013-12-14,0.0043752257231136
2013-12-15,0.0043752099303101
2013-12-16,0.00437520471700285
2013-12-17,0.0043751995036956
2013-12-18,0.0043751909965716
2013-12-19,0.004375179937273399
2013-12-20,0.0043751688779752
2013-12-21,0.0043751582332175
2013-12-22,0.0043751527581213
2013-12-23,0.0043751472830251
2013-12-24,0.0043751318829266
2013-12-25,0.0043751226341961
2013-12-26,0.00437511735544905
2013-12-27,0.004375112076702
2013-12-28,0.0043750977671356
2013-12-29,0.0043750863805047
2013-12-30,0.0043750830214704
2013-12-31,0.0043750796624361
2014-01-01,0.0043750274388427
2014-01-02,0.0043750092898294
2014-01-03,0.00437500193870175
2014-01-04,0.0043749945875741
2014-01-05,0.004374982328389
2014-01-06,0.0043749698509974
2014-01-07,0.004374959162444
2014-01-08,0.0043749441985674
2014-01-09,0.0043748270976831
2014-01-10,0.0043749257882069
2014-01-11,0.004374915492382
2014-01-12,0.0043749345150387
2014-01-13,0.0043749208598075
2014-01-14,0.004374914708449
2014-01-15,0.0043749085570905
2014-01-16,0.0043748988283299
2014-01-17,0.0043748891868592
2014-01-18,0.0043748798944249
2014-01-19,0.0043748663266097
2014-01-20,0.0043748547219378
2014-01-21,0.0043748488759882
2014-01-22,0.0043748430300386
2014-01-23,0.0043748266264349
2014-01-24,0.00437482062776805
2014-01-25,0.0043748146291012
2014-01-26,0.0043747989236015
2014-01-27,0.0043747877115386
2014-01-28,0.0043747802952402
2014-01-29,0.0043747725298449
2014-01-30,0.0043746011539568
2014-01-31,0.0043746554947832
2014-02-01,0.0043747098356096
2014-02-02,0.0043746965293363
2014-02-03,0.0043746833976135
2014-02-04,0.0043746692626309
2014-02-05,0.0043746572653688
2014-02-06,0.0043745407751862
2014-02-07,0.0043746473186295
2014-02-08,0.0043746389424272
2014-02-09,0.0043746311334393
2014-02-10,0.0043746156024125
2014-02-11,0.0043746246780747
2014-02-12,0.0043746337537369
2014-02-13,0.0043746289115869
2014-02-14,0.0043746198810099
2014-02-15,0.0043746128571692505
2014-02-16,0.0043746058333286
2014-02-17,0.0043745964536551
2014-02-18,0.0043745856778389
2014-02-19,0.00437457793411385
2014-02-20,0.0043745701903888
2014-02-21,0.0043749815294831
2014-02-22,0.0043753928685774
2014-02-23,0.0043753779917539
2014-02-24,0.00437536414012925
2014-02-25,0.0043753502885046
2014-02-26,0.0043753349751966
2014-02-27,0.0043752092792781
2014-02-28,0.0043753216253442
2014-03-01,0.0043753079699598
2014-03-02,0.0043752847167004
2014-03-03,0.0043752746825943
2014-03-04,0.0043752651720431
2014-03-05,0.00437526028594355
2014-03-06,0.004375255399844
2014-03-07,0.0043752480271377
2014-03-08,0.0043752415270205
2014-03-09,0.00437523397976485
2014-03-10,0.0043752264325092
2014-03-11,0.0043752147409047
2014-03-12,0.004375211360039
2014-03-13,0.0043752079791733
2014-03-14,0.0043752318895008
2014-03-15,0.0043752210266358
2014-03-16,0.0043752156823660005
2014-03-17,0.0043752103380962
2014-03-18,0.0043752004348551
2014-03-19,0.0043751836385486
2014-03-20,0.0043750094266781
2014-03-21,0.00437507356234965
2014-03-22,0.0043751376980212
2014-03-23,0.004375124217492
2014-03-24,0.004375111740344
2014-03-25,0.00437510593799995
2014-03-26,0.0043751001356559
2014-03-27,0.004374935435795
2014-03-28,0.004374952659248725
2014-03-29,0.0043749698827024504
2014-03-30,0.004374987106156175
2014-03-31,0.0043750043296099
2014-04-01,0.0043749937720014
2014-04-02,0.0043749844360517
2014-04-03,0.0043749804006883
2014-04-04,0.0043749763653249
2014-04-05,0.004374962274291
2014-04-06,0.0043749579335385005
2014-04-07,0.004374953592786
2014-04-08,0.0043749423375376
2014-04-09,0.0043749379313415
2014-04-10,0.0043749335251454
2014-04-11,0.0043749256725359
2014-04-12,0.0043749104470449
2014-04-13,0.0043749051901089495
2014-04-14,0.004374899933173
2014-04-15,0.0043748843150528
2014-04-16,0.0043748061536111
2014-04-17,0.0043747279921694
2014-04-18,0.00437478959754395
2014-04-19,0.0043748512029185
2014-04-20,0.0043748405581302
2014-04-21,0.00437483253087665
2014-04-22,0.0043748245036231
2014-04-23,0.0043748122009841
2014-04-24,0.0043746556156988
2014-04-25,0.0043747980228465
2014-04-26,0.0043747482427406
2014-04-27,0.0043747384268512
2014-04-28,0.0043747295052988504
2014-04-29,0.0043747205837465
2014-04-30,0.0043747121203043
2014-05-01,0.0043745952373245
2014-05-02,0.0043746434704651
2014-05-03,0.0043746917036057
2014-05-04,0.0043746844619932
2014-05-05,0.0043746759986903
2014-05-06,0.004374979213100925
2014-05-07,0.00437528242751155
2014-05-08,0.0043755856419221755
2014-05-09,0.0043758888563328
2014-05-10,0.004375776598454975
2014-05-11,0.00437566434057715
2014-05-12,0.004375552082699325
2014-05-13,0.0043754398248215
2014-05-14,0.004375423726301
2014-05-15,0.0043752619483773
2014-05-16,0.004375398771582
2014-05-17,0.0043753859016078
2014-05-18,0.0043753713301213
2014-05-19,0.00437536144864755
2014-05-20,0.0043753515671738
2014-05-21,0.0043753360360124
2014-05-22,0.0043753247802977
2014-05-23,0.0043753127829519
2014-05-24,0.0043753014617782995
2014-05-25,0.0043752901406047
2014-05-26,0.0043752784923308
2014-05-27,0.0043752732353603
2014-05-28,0.0043752679783898
2014-05-29,0.0043751073357276
2014-05-30,0.0043752418027859
2014-05-31,0.00437523676398165
2014-06-01,0.0043752317251774
2014-06-02,0.0043752233053499
2014-06-03,0.0043752106538119
2014-06-04,0.0043752002272384
2014-06-05,0.0043751908475642
2014-06-06,0.0043751823840746
2014-06-07,0.004375173920585
2014-06-08,0.0043751651954236
2014-06-09,0.0043751568629628
2014-06-10,0.0043751467853245
2014-06-11,0.0043751419864502
2014-06-12,0.0043751371875759
2014-06-13,0.0043751210022692
2014-06-14,0.0043751106627871
2014-06-15,0.0043751001051931
2014-06-16,0.0043750921218072
2014-06-17,0.0043750841600448
2014-06-18,0.0043750761982824
2014-06-19,0.0043750647026759
2014-06-20,0.0043750532070694
2014-06-21,0.00437504138419035
2014-06-22,0.0043750295613113
2014-06-23,0.004375017825726
2014-06-24,0.00437500796612125
2014-06-25,0.0043749981065165
2014-06-26,0.0043749868508585
2014-06-27,0.0043749739372815
2014-06-28,0.0043749631179544
2014-06-29,0.0043749524731103
2014-06-30,0.00437494333337705
2014-07-01,0.0043749341936438
2014-07-02,0.0043749240723551
2014-07-03,0.0043749186190636495
2014-07-04,0.0043749131657722
2014-07-05,0.0043748993798947
2014-07-06,0.004374887644389
2014-07-07,0.0043748781338082
2014-07-08,0.004374868099781
2014-07-09,0.0043748576294959
2014-07-10,0.0043746662710082
2014-07-11,0.0043748448468869
2014-07-12,0.004374834900156
2014-07-13,0.0043748205034729
2014-07-14,0.004374812258221
2014-07-15,0.0043748008281641
2014-07-16,0.0043747898560646
2014-07-17,0.0043747788839651
2014-07-18,0.004374767911865599
2014-07-19,0.0043747569397661
2014-07-20,0.0043747454222732
2014-07-21,0.0043747083815433
2014-07-22,0.0043746988712589
2014-07-23,0.0043746915421957
2014-07-24,0.004374698261822
2014-07-25,0.004374693484757899
2014-07-26,0.0043746887076938
2014-07-27,0.0043746791535664
2014-07-28,0.0043746697739574
2014-07-29,0.0043746559009137
2014-07-30,0.004374639715256
2014-07-31,0.0043746347637488
2014-08-01,0.0043746298122416
2014-08-02,0.0043746173789007
2014-08-03,0.0043746056871525
2014-08-04,0.004375582507216
2014-08-05,0.0043754501791802
2014-08-06,0.0043743994521892
2014-08-07,0.0043753974769483
2014-08-08,0.0043753827746978
2014-08-09,0.00437537590347875
2014-08-10,0.0043753690322597
2014-08-11,0.004375354024862
2014-08-12,0.0043753397153534
2014-08-13,0.0043753286342784
2014-08-14,0.0043753223957434
2014-08-15,0.0043753161572084
2014-08-16,0.0043753071702756
2014-08-17,0.0043752949551319
2014-08-18,0.0043752869282694
2014-08-19,0.00437528226037885
2014-08-20,0.0043752775924883
2014-08-21,0.0043751195671439
2014-08-22,0.004375256303123
2014-08-23,0.0043752441749109
2014-08-24,0.00437523621322015
2014-08-25,0.0043752282515294
2014-08-26,0.0043750716220319
2014-08-27,0.0043751162120320005
2014-08-28,0.0043751608020321
2014-08-29,0.0043752053920322
2014-08-30,0.0043751929586774
2014-08-31,0.0043751838844946
2014-09-01,0.0043751745048688
2014-09-02,0.0043751648635041
2014-09-03,0.0043751533025558
2014-09-04,0.0043751429194915
2014-09-05,0.0043751321874295
2014-09-06,0.0043751229389569
2014-09-07,0.00437502123951095
2014-09-08,0.004374919540065
2014-09-09,0.004374958734487867
2014-09-10,0.004374997928910733
2014-09-11,0.0043750371233336
2014-09-12,0.004375026129687
2014-09-13,0.00437502050195675
2014-09-14,0.0043750148742265
2014-09-15,0.0043750013941546
2014-09-16,0.0043749970316425
2014-09-17,0.0043749926691304
2014-09-18,0.0043749789706127
2014-09-19,0.004374970943549067
2014-09-20,0.004374962916485433
2014-09-21,0.0043749548894218
2014-09-22,0.004374945727955
2014-09-23,0.0043749354322368
2014-09-24,0.00437493072069145
2014-09-25,0.0043749260091461
2014-09-26,0.0043749169785702
2014-09-27,0.00437490430527705
2014-09-28,0.0043748916319839
2014-09-29,0.0043748822524497
2014-09-30,0.0043748723929922
2014-10-01,0.0043746934697573
2014-10-02,0.004374770454341649
2014-10-03,0.004374847438926
2014-10-04,0.0043748397174265
2014-10-05,0.0043748299451906
2014-10-06,0.0043748208273996
2014-10-07,0.0043748117096086
2014-10-08,0.0043746282490725
2014-10-09,0.0043747849666284
2014-10-10,0.0043747725767063
2014-10-11,0.004374766512634
2014-10-12,0.0043747604485617
2014-10-13,0.0043747498037427
2014-10-14,0.0043747399006253
2014-10-15,0.0043747233227801
2014-10-16,0.0043747125908205
2014-10-17,0.0043747028622235
2014-10-18,0.00437469431160335
2014-10-19,0.0043746857609832
2014-10-20,0.0043746762069835
2014-10-21,0.004374667045572
2014-10-22,0.0043746618759077
2014-10-23,0.0043746567062434
2014-10-24,0.0043746431822368
2014-10-25,0.004374918543032001
2014-10-26,0.0043751939038272
2014-10-27,0.0043754692646224
2014-10-28,0.0043754542132765
2014-10-29,0.0043754473857141995
2014-10-30,0.0043754405581519
2014-10-31,0.0043754243292804
2014-11-01,0.004375407532954
2014-11-02,0.0043753956229716
2014-11-03,0.004375382360359
2014-11-04,0.0043753764054079
2014-11-05,0.0043753704504568
2014-11-06,0.0043753571010181
2014-11-07,0.0043753462383421
2014-11-08,0.0043753405669838
2014-11-09,0.0043753348956255
2014-11-10,0.0043753197140286
2014-11-11,0.0043753103344823
2014-11-12,0.0043751687143184
2014-11-13,0.00437523071209685
2014-11-14,0.0043752927098753
2014-11-15,0.004375284857401
2014-11-16,0.0043752742131944
2014-11-17,0.004375264746294049
2014-11-18,0.0043752552793937
2014-11-19,0.0043752481687027
2014-11-20,0.0043752386583522
2014-11-21,0.0043752295405883
2014-11-22,0.0043752203791955
2014-11-23,0.0043752111305046
2014-11-24,0.004375205568225449
2014-11-25,0.0043752000059463
2014-11-26,0.0043751846932394
2014-11-27,0.004375174266635
2014-11-28,0.0043751642766049
2014-11-29,0.00437515518058095
2014-11-30,0.004375146084557
2014-12-01,0.0043751377737640505
2014-12-02,0.0043751294629711
2014-12-03,0.0043749568229159
2014-12-04,0.0043751022402694
2014-12-05,0.0043750889560205
2014-12-06,0.0043750756717716
2014-12-07,0.0043750621038924
2014-12-08,0.0043750501502239
2014-12-09,0.00437504210105095
2014-12-10,0.004375034051878
2014-12-11,0.0043750178230468
2014-12-12,0.004375007352782
2014-12-13,0.0043750018777685
2014-12-14,0.004374996402755
2014-12-15,0.0043749839256572
2014-12-16,0.0043749676967502
2014-12-17,0.0043748220629836
2014-12-18,0.0043749481524912
2014-12-19,0.0043749396673509
2014-12-20,0.0043749311822106
2014-12-21,0.0043749211046162
2014-12-22,0.0043749111579107
2014-12-23,0.0043749013420942
2014-12-24,0.0043748909155471
2014-12-25,0.0043748845902917
2014-12-26,0.0043748687246208
2014-12-27,0.0043748528589499
2014-12-28,0.004374836993279
2014-12-29,0.00437482842076345
2014-12-30,0.0043748198482479
2014-12-31,0.0043748096398119
2015-01-01,0.0043746682375443
2015-01-02,0.0043747948947724
2015-01-03,0.0043747829412417
2015-01-04,0.00437477617914655
2015-01-05,0.0043747694170514
2015-01-06,0.004374626139211
2015-01-07,0.0043747451610814
2015-01-08,0.0043747379192277
2015-01-09,0.004374730677374
2015-01-10,0.0043747212978624
2015-01-11,0.0043747077739643
2015-01-12,0.0043746986561897
2015-01-13,0.0043746897129747
2015-01-14,0.0043745401084155
2015-01-15,0.0043746696014853
2015-01-16,0.0043746595239889
2015-01-17,0.0043746542016702
2015-01-18,0.0043746488793515
2015-01-19,0.004374639368998
2015-01-20,0.004374629684003
2015-01-21,0.0043746196499727
2015-01-22,0.0043746089182857
2015-01-23,0.004374594423103475
2015-01-24,0.00437457992792125
2015-01-25,0.004374565432739026
2015-01-26,0.0043745509375568
2015-01-27,0.0043745176056051
2015-01-28,0.0043753788533896
2015-01-29,0.0043753744254381
2015-01-30,0.0043753699974866
2015-01-31,0.0043753643264506
2015-02-01,0.0043753586558337
2015-02-02,0.0043753527231478
2015-02-03,0.0043753476626749496
2015-02-04,0.0043753426022021
2015-02-05,0.0043753320888858
2015-02-06,0.0043753231457695
2015-02-07,0.00437531601298265
2015-02-08,0.0043753088801958
2015-02-09,0.0043752983228751
2015-02-10,0.00437528972848145
2015-02-11,0.0043752811340878
2015-02-12,0.0043752692677588
2015-02-13,0.004375225071894683
2015-02-14,0.004375180876030567
2015-02-15,0.00437513668016645
2015-02-16,0.004375092484302333
2015-02-17,0.004375048288438217
2015-02-18,0.0043750040925741
2015-02-19,0.004374993709566
2015-02-20,0.0043751381669258
2015-02-21,0.00437511735707
2015-02-22,0.0043751065815255
2015-02-23,0.0043750965912697
2015-02-24,0.0043750855977495
2015-02-25,0.0043750083524245
2015-02-26,0.0043749311070995
2015-02-27,0.0043750645706452
2015-02-28,0.004375055802358
2015-03-01,0.0043750585735113
2015-03-02,0.0043750613446646
2015-03-03,0.0043750511799813
2015-03-04,0.00437504603213175
2015-03-05,0.0043750408842822
2015-03-06,0.0043750314611304495
2015-03-07,0.0043750220379787
2015-03-08,0.0043750089503382
2015-03-09,0.00437501257267665
2015-03-10,0.0043750161950151
2015-03-11,0.0043750027581704
2015-03-12,0.0043747924646311
2015-03-13,0.0043749843478682
2015-03-14,0.0043749731795424
2015-03-15,0.0043749619239583
2015-03-16,0.0043749501882568
2015-03-17,0.0043749384525553
2015-03-18,0.0043749186463734
2015-03-19,0.004374897297814
2015-03-20,0.0043748759492546006
2015-03-21,0.0043748546006952
2015-03-22,0.00437484792584105
2015-03-23,0.0043748412509869
2015-03-24,0.0043748303445292
2015-03-25,0.0043748112800989
2015-03-26,0.00437480545610725
2015-03-27,0.0043747996321156
2015-03-28,0.0043747870681317
2015-03-29,0.0043747769908545
2015-03-30,0.004374770650923167
2015-03-31,0.004374764310991834
2015-04-01,0.0043747579710605
2015-04-02,0.004374596935451
2015-04-03,0.0043747443159964
2015-04-04,0.0043747659146741
2015-04-05,0.004374760134228351
2015-04-06,0.0043747543537826
2015-04-07,0.0043745428829077
2015-04-08,0.0043745315401213
2015-04-09,0.0043747259534053
2015-04-10,0.0043747149159822
2015-04-11,0.0043749357693023665
2015-04-12,0.004375156622622533
2015-04-13,0.0043753774759427
2015-04-14,0.0043753662207706
2015-04-15,0.0043753504277827
2015-04-16,0.0043751968997551
