day_time,actual,pred,residual
2011-01-30,0.4849982612763597,0.557841,-0.07284274166477189
2011-02-01,0.5664950734922058,0.48489952,0.08159555261818241
2011-02-02,0.563210656771389,0.53037065,0.03284000409576038
2011-02-03,0.558505803026037,0.53453344,0.023972361959295085
2011-02-06,0.5468178218839057,0.5340942,0.012723607444513618
2011-02-07,0.5407813946303577,0.5245278,0.016253606468126236
2011-02-08,0.5389765709578569,0.5180092,0.020967385166841268
2011-02-09,0.5324370580615323,0.515187,0.017250032991341868
2011-02-10,0.5268148582927097,0.5097327,0.017082135056625702
2011-02-11,0.5212222133404794,0.504444,0.016778210235315782
2011-02-12,0.5147714899626408,0.4990912,0.015680281981531152
2011-02-13,0.5105992612793671,0.49313575,0.017463510985635367
2011-02-14,0.5034382933781671,0.488769,0.014669298569970124
2011-02-15,0.4964549039709709,0.4824431,0.014011809717430879
2011-02-16,0.4904479864298992,0.4759001,0.01454787284728809
2011-02-17,0.48781442746440007,0.4699878,0.017826617806349532
2011-02-18,0.4811565250615786,0.4667982,0.014358338759393519
2011-02-19,0.470799804276794,0.4610778,0.009721994942992751
2011-02-20,0.4593480853154688,0.45207763,0.007270458133461943
2011-02-21,0.4338992968846469,0.44150472,-0.007605419988522044
2011-02-22,0.4267678755250017,0.4198479,0.006919969889167987
2011-02-23,0.4190743087415285,0.41013473,0.008939576018292428
2011-02-25,0.410345075272744,0.40214443,0.008200643204872904
2011-02-26,0.39984042671494535,0.39398474,0.005855691702890908
2011-02-27,0.3935080795495196,0.38426024,0.009247842332570144
2011-02-28,0.38758999500214486,0.3775224,0.010067586039895104
2011-03-01,0.3816719615283546,0.37162465,0.010047312957340182
2011-03-02,0.3758130365326906,0.365932,0.009881048770239431
2011-03-04,0.3630299547985487,0.36029905,0.0027309039905958343
2011-03-05,0.3560465758364444,0.3491735,0.006873089603686822
2011-03-07,0.36306031979120235,0.34172982,0.02133050001657466
2011-03-08,0.3543608039199171,0.3460452,0.008315607863551122
2011-03-09,0.3478804389092147,0.33973098,0.008149460897129757
2011-03-10,0.23418830647688083,0.33365983,-0.09947152123231717
2011-03-11,0.336103387993262,0.24252559,0.0935777955469348
2011-03-12,0.3294159456959278,0.31220597,0.017209975408604805
2011-03-13,0.3233202779074418,0.31275994,0.010560342051576299
2011-03-14,0.31725421573582935,0.30991292,0.007341295737660403
2011-03-15,0.31154320447330974,0.30405354,0.0074896594751407974
2011-03-16,0.3017783066238735,0.29850376,0.0032745501007411804
2011-03-17,0.29118468989508983,0.28969824,0.0014864467539155157
2011-03-18,0.28313599467855965,0.27973372,0.003402277237000817
2011-03-19,0.2744954352210698,0.27162743,0.002868009073608846
2011-03-20,0.26736409240265857,0.2633096,0.004054494433603395
2011-03-21,0.2608541678282563,0.25624314,0.00461102832286997
2011-03-22,0.2534268797317054,0.24984355,0.003583327023079619
2011-03-23,0.24505266244477752,0.24279438,0.0022582828528356913
2011-03-24,0.1596504220819952,0.23487595,-0.07522552515501957
2011-03-25,0.2273574200889925,0.16330056,0.06405686116431752
2011-03-26,0.22206071492109913,0.21232186,0.009738852342707105
2011-03-27,0.21643852525858165,0.21037106,0.00606746309904338
2011-03-28,0.209810247871701,0.20690696,0.0029032884572188777
2011-03-29,0.6913016465982764,0.20065469,0.4906469611009925
2011-03-30,0.6856203022671252,0.6314397,0.05418061644559202
2011-03-31,0.6856203972915864,0.63974726,0.04587313529054882
2011-04-01,0.6747902308688936,0.6522484,0.022541848300534184
2011-04-02,0.6714467060751304,0.6441959,0.0272507918066367
2011-04-03,0.6652326952407748,0.6401174,0.025115288395682
2011-04-04,0.6577462322638894,0.63450515,0.023241079561557854
2011-04-05,0.6534260390467352,0.6279769,0.02544914466807313
2011-04-06,0.6478631208478873,0.6233425,0.024520606809801393
2011-04-07,0.6422113316721152,0.6182342,0.02397711450521456
2011-04-08,0.6368554485720779,0.6130477,0.023807729570307856
2011-04-09,0.6288067945256444,0.60798466,0.020822132469675125
2011-04-10,0.62158663315995,0.6010109,0.020575714542701462
2011-04-11,0.6146919973239164,0.59422255,0.020469451700137142
2011-04-12,0.608241268859274,0.58764195,0.020599314437276917
2011-04-13,0.60010388267483,0.58147633,0.018627551917688834
2011-04-14,0.5933276024320548,0.5741609,0.01916672854213175
2011-04-15,0.5545626830225956,0.56759346,-0.013030772292040638
2011-04-16,0.5500944927821365,0.5377297,0.012364812243959022
2011-04-17,0.5415132437879038,0.52789724,0.013616005056519498
2011-04-18,0.5353584384906753,0.51886374,0.016494700907514925
2011-04-19,0.5304168477168787,0.51274484,0.017672003757070343
2011-04-20,0.521865234861707,0.507706,0.014159248361920618
2011-04-21,0.5158288411821559,0.50025374,0.015575104209347046
2011-04-22,0.5156513035185526,0.49419433,0.021456974733609968
2011-04-23,0.5069519015260084,0.4927734,0.014178487867866352
2011-04-24,0.502602208296139,0.4859035,0.01669870678551888
2011-04-25,0.4979861176848317,0.48130637,0.016679743611803133
2011-04-26,0.493843653805925,0.47677708,0.01706657708473358
2011-04-27,0.4891388735154578,0.47275937,0.01637950747999639
2011-04-28,0.4828361566555941,0.46837056,0.014465599824234232
2011-04-29,0.477983346379915,0.4626984,0.015284946359315654
2011-04-30,0.4726570652346709,0.45786965,0.014787416301260237
2011-05-01,0.4644604073823757,0.4528222,0.01163819897783469
2011-05-02,0.4723914939017959,0.44556272,0.02682877360302882
2011-05-03,0.46756823450732554,0.4502769,0.017291323248628032
2011-05-04,0.46058486307401836,0.44735867,0.013226195223523973
2011-05-05,0.4518556388975412,0.44161624,0.01023940173399751
2011-05-06,0.44478349354540114,0.4336924,0.011091097858297871
2011-05-07,0.43865824733711634,0.42669713,0.011961112365497684
2011-05-08,0.4298106428104802,0.4206022,0.009208440395013895
2011-05-09,0.42214667364169145,0.41259408,0.009552593670377973
2011-05-10,0.4164356870674055,0.40514767,0.011288015367881599
2011-05-11,0.41001452311820685,0.3992859,0.010728610604473943
2011-05-12,0.4002791915468151,0.39318728,0.007091907077210635
2011-05-13,0.3930294687188507,0.38446063,0.008568840686166368
2011-05-14,0.38563177077503497,0.37719327,0.008438498661234917
2011-05-15,0.3798320832624995,0.37002975,0.009802335776385007
2011-05-18,0.35802383553163963,0.3641981,-0.006174253114295425
2011-05-19,0.35018234992912767,0.34589642,0.004285927066121076
2011-05-20,0.32171544801531127,0.3365367,-0.014821257478615735
2011-05-21,0.3164780699289622,0.31202763,0.004450436738807184
2011-05-22,0.3122764109571108,0.3038863,0.008390116592181585
2011-05-23,0.30798585842330795,0.2989586,0.009027258855894615
2011-05-24,0.3025117473780483,0.29481375,0.007697995203670871
2011-05-25,0.3002926918798039,0.28972405,0.010568639927441836
2011-05-26,0.295143988957534,0.287152,0.007991996636519616
2011-05-27,0.28907804080063215,0.2825253,0.006552739821017894
2011-05-28,0.2850538632651478,0.27690506,0.008148803450694686
2011-05-29,0.2837518774686032,0.2727683,0.010983588617818896
2011-05-30,0.2734840823277409,0.271078,0.0024060917958195205
2011-05-31,0.2677731949825102,0.26236928,0.005403919889431563
2011-06-01,0.26215102363312326,0.25648803,0.005662998444677214
2011-06-02,0.17893839586486138,0.25093228,-0.07199388038407051
2011-06-04,0.5577754703817845,0.18186569,0.37590977824311267
2011-06-05,0.5415891393822676,0.5103582,0.03123092500391067
2011-06-06,0.5388077371549116,0.5100768,0.028730916304539278
2011-06-07,0.5321499105812109,0.51570725,0.016442656171420822
2011-06-08,0.5163482466214191,0.5095298,0.006818417596150539
2011-06-09,0.50474861074008,0.49654382,0.008204786067381065
2011-06-10,0.496108109544366,0.48509395,0.011014158319085254
2011-06-11,0.4906931016193994,0.47609013,0.014602968429244356
2011-06-12,0.4837393582538425,0.47018027,0.013559085197812237
2011-06-13,0.4770518974405604,0.463713,0.01333890715659436
2011-06-14,0.47181442744977176,0.45735615,0.014458272531101102
2011-06-15,0.4653933257641256,0.45207912,0.0133142084659994
2011-06-16,0.4637658602882766,0.44611675,0.017649114816322253
2011-06-17,0.4539122922255956,0.44372606,0.01018622945093739
2011-06-18,0.44823103667886244,0.43564886,0.012582178131651744
2011-06-19,0.4427568949081433,0.42978227,0.012974623522950424
2011-06-20,0.43858475331308,0.42434704,0.01423771027566545
2011-06-21,0.4326076112242845,0.42011666,0.012490948245158506
2011-06-22,0.4263641268967149,0.41467667,0.011687460636949254
2011-06-23,0.423079730183872,0.40882093,0.014258803040775092
2011-06-24,0.4163035295005102,0.40516394,0.011139585732962587
2011-06-25,0.4126048924163115,0.3991831,0.013421797914816125
2011-06-26,0.40798881231785344,0.39523226,0.012756552090650075
2011-06-27,0.399644271865327,0.39085865,0.008785621657807496
2011-06-29,0.3926610080034152,0.38354236,0.009118649128140532
2011-06-30,0.3819493001333285,0.3767435,0.005205804669003555
2011-07-01,0.37523233442379933,0.3670513,0.008181031037111097
2011-07-02,0.3681010662821791,0.3600518,0.00804925554075453
2011-07-03,0.36369211678083957,0.35313267,0.010559451623521454
2011-07-05,0.3491336635697735,0.3484649,0.0006687573541057645
2011-07-06,0.3408483272301055,0.33604342,0.004804909776339628
2011-07-07,0.3358179641654715,0.327379,0.008438975899480283
2011-07-08,0.29820691022268875,0.32181877,-0.02361185875543015
2011-07-09,0.29255522712674065,0.29070002,0.0018552087208263401
2011-07-10,0.28536481062474195,0.28118047,0.004184339442872442
2011-07-11,0.2791213217519726,0.27350545,0.005615872456928628
2011-07-13,0.26710775403762455,0.2674026,-0.00029483528351192945
2011-07-14,0.2645336373216196,0.2566113,0.007922349727778055
2011-07-15,0.25944414136074556,0.2529932,0.006450945111737383
2011-07-16,0.2545027011597085,0.24816667,0.006336035724871181
2011-07-17,0.25385172626920394,0.24346007,0.010391652202088153
2011-07-18,0.2488214466975478,0.24227144,0.006550008456542855
2011-07-20,0.23441117811489676,0.23788032,-0.0034691412420215784
2011-07-21,0.23441145246943051,0.22534613,0.009065319356523105
2011-07-22,0.12646027455366493,0.22375679,-0.09729651560746788
2011-07-23,0.23976832487414868,0.13411848,0.10564984240363628
2011-07-24,0.23293298864928147,0.22211681,0.010816175585659948
2011-07-25,0.2252690464074476,0.2198409,0.005428147297607211
2011-07-26,0.21790099145346176,0.21570314,0.0021978467839289806
2011-07-27,0.20979317080173132,0.2085905,0.0012026781955682964
2011-07-28,0.11643068764715281,0.20086184,-0.084431153793048
2011-07-29,0.19635909233647908,0.12191014,0.07444895241815175
2011-07-30,0.18973087036238212,0.1828342,0.006896677251916117
2011-07-31,0.16330545427081233,0.1791077,-0.015802241547135054
2011-08-01,0.1549608836362495,0.15814884,-0.0031879564335213217
2011-08-02,0.14442655810807992,0.14858454,-0.004157986550580972
2011-08-03,0.14152666144855175,0.1382114,0.0033152621317640296
2011-08-04,0.13114052638184148,0.13475168,-0.0036111511312810762
2011-08-06,0.6148511545120527,0.12528014,0.4895710126816084
2011-08-07,0.6139640728965787,0.57242244,0.041541628076174675
2011-08-08,0.6089042790690655,0.57410693,0.03479734738266416
2011-08-09,0.6023944808534907,0.58148324,0.02091123595755562
2011-08-10,0.5960918099799528,0.57589805,0.020193758718050958
2011-08-11,0.5211355109522628,0.5700083,-0.04887276694080356
2011-08-12,0.5887241455652656,0.5140618,0.07466233697914504
2011-08-13,0.5840786252770158,0.55241936,0.03165926082465376
2011-08-14,0.5794330388575872,0.55488575,0.024547293809064286
2011-08-15,0.5754088170319847,0.55388904,0.021519780853395787
2011-08-16,0.5726571841528312,0.5499703,0.022686855345000367
2011-08-17,0.5676565631715675,0.5470871,0.0205694898454567
2011-08-18,0.5625079326864579,0.54276437,0.01974356701339275
2011-08-19,0.5689000971765381,0.5380477,0.03085242585848391
2011-08-20,0.5617688401580381,0.5417762,0.01999265989070409
2011-08-21,0.555170205218019,0.5371918,0.0179783969942946
2011-08-22,0.5506132642553894,0.53151506,0.019098202400073205
2011-08-24,0.5356109885228761,0.52676874,0.008842244531024335
2011-08-25,0.5310541659841874,0.514576,0.01647814812758952
2011-08-26,0.5038298245754049,0.50865406,-0.004824233404178813
2011-08-27,0.48708118665990696,0.48685318,0.0002280043440805457
2011-08-28,0.4684092246034197,0.46980613,-0.0013969100973554305
2011-08-29,0.4628757849172871,0.45184565,0.011030139012746076
2011-08-30,0.447843497766371,0.44411123,0.003732269777174224
2011-08-31,0.4340836998580926,0.43097717,0.0031065341590874596
2011-09-01,0.4271595927675662,0.4179477,0.009211883207171923
2011-09-02,0.422662042778029,0.41000646,0.012655579250349547
2011-09-03,0.4189338843157202,0.40500402,0.013929859810104972
2011-09-04,0.4152648076087644,0.4012103,0.014054499533813214
2011-09-05,0.41411116813696935,0.3976606,0.016450555076971796
2011-09-06,0.41428920174075756,0.39611936,0.018169845585362054
2011-09-07,0.4095844615353599,0.39597023,0.013614236201192398
2011-09-08,0.405886054380062,0.39226085,0.013625204904201382
2011-09-09,0.40810584849941733,0.3887232,0.019382653900265723
2011-09-10,0.40760309703318853,0.38980377,0.017799329828903865
2011-09-11,0.4020402250916959,0.38957292,0.012467306676626322
2011-09-12,0.3986967682599243,0.3852089,0.013487863516729703
2011-09-13,0.3953531904949159,0.3818072,0.013545982433697645
2011-09-14,0.38973108459686046,0.37852502,0.011206065904843854
2011-09-15,0.38712735893932404,0.37352234,0.013605017687950749
2011-09-16,0.3796409784381467,0.37059796,0.009043019873388403
2011-09-17,0.37105969587082654,0.3641312,0.006928483636329474
2011-09-18,0.3643721943617493,0.35624373,0.008128464770379651
2011-09-20,0.34777182646757865,0.3495406,-0.0017687647723505506
2011-09-21,0.33836193625484157,0.33515018,0.0032117540076797013
2011-09-23,0.3230634585233929,0.3252343,-0.0021708354142901953
2011-09-25,0.28181356135291935,0.31119955,-0.029385984507371177
2011-09-26,0.2789140616082477,0.27573287,0.003181186737947428
2011-09-28,0.2600054936306151,0.26774025,-0.00773475600317397
2011-09-29,0.23213042333418343,0.25064468,-0.01851426050370719
2011-10-02,0.22787054894433822,0.22542778,0.002442772369249724
2011-10-03,0.22257399909767628,0.21835436,0.0042196398285341274
2011-10-04,0.22429101339957924,0.21274589,0.011545123378255084
2011-10-06,0.2202671878117144,0.21358794,0.006679248072487098
2011-10-07,0.21961657843303328,0.210214,0.009402574512478168
2011-10-08,0.2191731122670717,0.2093405,0.009832614415699936
2011-10-09,0.21218977115222515,0.20880233,0.003387443638530385
2011-10-10,0.21150957046756957,0.20285119,0.008658379304506525
2011-10-11,0.20813624994161728,0.20163064,0.006505612891942292
2011-10-12,0.20411237579037333,0.19853327,0.005579109007612715
2011-10-13,0.19704033251628061,0.19480833,0.0022319984041132557
2011-10-14,0.19496895003794634,0.18836999,0.006598960642804741
2011-10-15,0.1849083558295206,0.1858944,-0.0009860440518423275
2011-10-16,0.18230437263810018,0.1769764,0.005327975004547625
2011-10-17,0.7037449215740708,0.17385884,0.5298860852808502
2011-10-19,0.6791247966766605,0.6479019,0.03122290401461214
2011-10-21,0.6550677236232332,0.63769,0.017377715936618188
2011-10-22,0.6453915564875388,0.63028353,0.015108021960713813
2011-10-23,0.6316614023148759,0.6179882,0.013673173516963288
2011-10-24,0.6205648046666283,0.605154,0.015410826795687171
2011-10-25,0.6056804370136888,0.5944146,0.011265845224443183
2011-10-26,0.5911808205714806,0.5810932,0.010087628470955678
2011-10-27,0.5800251693144673,0.5675665,0.012458655299269594
2011-10-28,0.5707929585882994,0.55631405,0.014478907437023736
2011-10-29,0.5698165715725736,0.54702044,0.02279613623932164
2011-10-30,0.5671541266196982,0.5443117,0.02284242436826389
2011-10-31,0.5617097251006271,0.54173,0.019979738432994054
2011-11-01,0.5636041306979678,0.53723806,0.026366069269897707
2011-11-02,0.557804516233773,0.5376901,0.020114413179726398
2011-11-04,0.559906623113875,0.5333999,0.026506743181471393
2011-11-05,0.5578056315584945,0.5341788,0.023626838128166128
2011-11-07,0.5548179074189648,0.5326507,0.02216719826674307
2011-11-10,0.535613851103335,0.5302094,0.005404428991823806
2011-11-12,0.539994829313855,0.51536447,0.02463036121616824
2011-11-13,0.5240744344137056,0.51556236,0.008512078895364539
2011-11-16,0.38111695136240087,0.50338894,-0.12227198992559352
2011-11-17,0.5320065740611426,0.39531952,0.13668705263398806
2011-11-18,0.47480583370770546,0.4903199,-0.015514073957547225
2011-11-20,0.388812234200941,0.45923048,-0.07041824837733657
2011-11-21,0.3894046807254199,0.39119893,-0.0017942523991223425
2011-11-23,0.39881565255382156,0.3753267,0.02348895949580765
2011-11-25,0.39002803932407915,0.3795998,0.0104282296774727
2011-11-26,0.3775704574809424,0.37389934,0.0036711168513647863
2011-11-27,0.38644836873936583,0.36320758,0.023240790080308216
2011-11-30,0.378282639104782,0.3683089,0.009973737317977793
2011-12-03,0.36461250668298817,0.36254823,0.002064274604435923
2011-12-04,0.36260067850116684,0.35092717,0.011673504409827729
2011-12-06,0.35718581497712876,0.3472485,0.009937320352037204
2011-12-08,0.20697790621989043,0.34220958,-0.13523167134053438
2011-12-09,0.34227309620973756,0.2235092,0.11876388884184053
2011-12-10,0.32827656724202825,0.31631094,0.0119656250690241
2011-12-12,0.30907228493151706,0.31189734,-0.0028250525051589648
2011-12-13,0.30774096054710753,0.29846793,0.00927302641548522
2011-12-14,0.2960229579489351,0.29459822,0.0014247361700654437
2011-12-15,0.2815233499854912,0.28431082,-0.002787467733014637
2011-12-17,0.2625854773323226,0.2710511,-0.00846563150480506
2011-12-19,0.25512901390402476,0.2534898,0.0016392215570704138
2011-12-20,0.25613580877870845,0.2447908,0.011345001412337297
2011-12-22,0.2132877974713665,0.2443232,-0.03103539655558052
2011-12-23,0.20216155757952947,0.20873614,-0.00657457897614222
2011-12-27,0.18109363103712894,0.19482991,-0.013736279956447106
2011-12-29,0.27090676085026644,0.17483506,0.09607170478375338
2012-01-02,0.4710092340947085,0.25053644,0.22047279229173
2012-01-06,0.529188263362812,0.42720526,0.10198299879448314
2012-01-07,0.7013546392486205,0.48947352,0.21188111753917838
2012-01-08,0.5687839383194842,0.6354111,-0.06662714537878855
2012-01-10,0.571536675603511,0.56424546,0.007291213185908418
2012-01-11,0.5665359783856729,0.55244374,0.014092235633597738
2012-01-12,0.5620087933425566,0.5414353,0.020573492038693075
2012-01-16,0.5306110839828762,0.5374506,-0.006839527608462959
2012-01-19,0.48368250362091203,0.51324344,-0.029560933192442462
2012-01-23,0.42893877502729083,0.4730991,-0.04416033748339032
2012-01-24,0.4655148816423207,0.4227447,0.042770190270402964
2012-01-26,0.4568752886320908,0.44067836,0.016196930554087885
2012-02-01,0.40636420779492255,0.43677944,-0.030415231654387753
2012-02-05,0.40112825316464296,0.39817643,0.002951821508759167
2012-02-08,0.31741401387625956,0.3861863,-0.06877228783196188
2012-02-09,0.3690229584540248,0.31825143,0.05077152746571301
2012-02-11,0.3415032761599832,0.34780252,-0.006299243638295593
2012-02-12,0.33141304642367686,0.3290471,0.0023659327666791796
2012-02-13,0.3229205511361215,0.3190148,0.0039057634621713078
2012-02-14,0.3193400498898882,0.31000614,0.009333908227290522
2012-02-15,0.307326596054736,0.30575842,0.0015681794020565576
2012-02-18,0.2877380249001362,0.29532146,-0.007583439638437994
2012-02-19,0.27977842116206375,0.27783972,0.0019387009128877253
2012-02-22,0.3059980985067341,0.268646,0.0373520966909382
2012-02-26,0.26122729040253034,0.2889051,-0.027677823532940238
2012-02-28,0.23669611163313675,0.25494856,-0.018252444790050504
2012-02-29,0.24761654162830382,0.2301551,0.01746144617027312
2012-03-01,0.1221470789741943,0.23538624,-0.11323915852790378
2012-03-03,0.2217548784265091,0.13271976,0.0890351232537796
2012-03-04,0.2190624151371594,0.20612027,0.012942147626745282
2012-03-07,0.19160208637640608,0.2063737,-0.014771620083593007
2012-03-08,0.09211344523373555,0.18559156,-0.0934781183486848
2012-03-10,0.11655774262408158,0.09946806,0.017089682786263438
2012-03-12,0.3620559816295099,0.11081686,0.2512391229206514
2012-03-13,0.4814596024771163,0.33320534,0.14825426018433063
2012-03-14,0.5008127402788887,0.4379083,0.06290444846217724
2012-03-15,0.5902108068594316,0.4708131,0.11939771128982102
2012-03-16,0.5875775347958552,0.54637843,0.04119910109147895
2012-03-17,0.5862163917540784,0.5568763,0.029340089988636464
2012-03-19,0.5840278247596871,0.5595009,0.024526951670850394
2012-03-20,0.5812763609696958,0.5575457,0.02373063943878151
2012-03-21,0.575506322619276,0.55511296,0.020393364664869296
2012-03-22,0.573346523392047,0.5503226,0.023023931133593578
2012-03-23,0.5658601744976295,0.54770464,0.018155537447000825
2012-03-24,0.5582258653425924,0.54154557,0.016680295445894444
2012-03-25,0.5572793612836904,0.5346317,0.022647632157713815
2012-03-26,0.5510655761727321,0.53239506,0.01867051134195208
2012-03-27,0.5460649750630182,0.5272547,0.018810274402312643
2012-03-28,0.544112410613252,0.52253735,0.021575059958649945
2012-03-29,0.5392300893367974,0.52002543,0.019204657226964628
2012-03-30,0.5319214257619933,0.51584303,0.016078391971404926
2012-03-31,0.517658609087448,0.50954163,0.008116978342513903
2012-04-01,0.5089885840720854,0.49751025,0.011478329688998201
2012-04-02,0.42408985889187534,0.48847657,-0.06438671552905362
2012-04-03,0.4948442457548481,0.4228378,0.0720064519277912
2012-04-04,0.4825052393275655,0.46417367,0.018331564744130446
2012-04-05,0.47129039643778015,0.460571,0.010719405398504023
2012-04-06,0.4564949504951983,0.45295453,0.003540419779255899
2012-04-07,0.4454281352855105,0.43944955,0.00597858656419703
2012-04-08,0.436491852542531,0.42830223,0.008189624091755832
2012-04-09,0.42950872840128795,0.41920102,0.010307711975201528
2012-04-10,0.4232949057827682,0.41207755,0.011217359663078241
2012-04-11,0.4122875213588486,0.40591657,0.006370949741722143
2012-04-12,0.4072574682581944,0.39619702,0.01106044725065658
2012-04-13,0.40341091554137165,0.39049894,0.012911979365071602
2012-04-14,0.40074833134212895,0.3863899,0.01435842016735478
2012-04-15,0.39909178528751,0.38359505,0.015496735906253889
2012-04-16,0.3990922775656145,0.38179636,0.017295917549745354
2012-04-17,0.3952754084662047,0.3814829,0.01379250927720932
2012-04-18,0.39136960666837695,0.37841278,0.012956823522472405
2012-04-19,0.38536293343440775,0.37481946,0.010543475903432409
2012-04-20,0.3792675552608671,0.36941773,0.009849828267306293
2012-04-21,0.37577622288199564,0.36365736,0.012118867573462921
2012-04-22,0.3712195119169337,0.35987705,0.011342461993990582
2012-04-23,0.3661300561088865,0.35559177,0.010538282122070086
2012-04-24,0.3614550460488317,0.35083002,0.010625027528476494
2012-04-25,0.3535544680416933,0.34629172,0.007262747174536344
2012-04-26,0.2514919032819307,0.339211,-0.08771908380913374
2012-04-27,0.3400910555333212,0.2572698,0.08282125582400113
2012-04-29,0.31979194773111885,0.31683064,0.0029613126603180717
2012-04-30,0.3123352953407448,0.30591214,0.006423158309189603
2012-05-01,0.3024521036868464,0.29997444,0.0024776621585260727
2012-05-02,0.29005357260302844,0.2904188,-0.0003652310888355714
2012-05-03,0.2780990353676316,0.2789153,-0.000816250696516363
2012-05-04,0.2682159366349879,0.26739046,0.0008254768590632011
2012-05-05,0.25800712293585093,0.257545,0.00046212858160288306
2012-05-06,0.2476505776162412,0.24768423,-3.364782378412201e-05
2012-05-07,0.2411703738266624,0.23772414,0.003446233540216781
2012-05-08,0.22883132867127642,0.23096795,-0.0021366251298786665
2012-05-10,0.22143434798408634,0.21972625,0.0017080984084714146
2012-05-11,0.21933393837298354,0.21212395,0.007209993017568195
2012-05-12,0.2205183061118987,0.2093277,0.01119060835799246
2012-05-14,0.2207264644712268,0.20994373,0.010782737812405685
2012-05-15,0.21569612751909517,0.21017124,0.005524889931166399
2012-05-17,0.709054731942615,0.20597601,0.5030787225737186
2012-05-19,0.6682777578816967,0.64710975,0.021168010948713345
2012-05-20,0.6876017223185045,0.63070023,0.056901491720054764
2012-05-21,0.680588869321582,0.652139,0.02844986127638549
2012-05-22,0.6752035049962615,0.6476098,0.02759373469825732
2012-05-23,0.666208017936242,0.64382094,0.02238707648803029
2012-05-24,0.557013905932763,0.63613784,-0.07912393719925603
2012-05-25,0.6521231766710116,0.5569983,0.09512486419771449
2012-05-26,0.6413226246154409,0.60847104,0.03285158865810445
2012-05-27,0.6303444525560735,0.608197,0.02214747875541434
2012-05-28,0.6207571721324712,0.60339046,0.01736671688649949
2012-05-29,0.606346495103935,0.5941143,0.012232191515067825
2012-05-30,0.6005468921025567,0.58153325,0.01901363890965513
2012-06-01,0.5717846771808581,0.57451993,-0.0027352550891919236
2012-06-03,0.5605110563942617,0.5518157,0.008695367784184782
2012-06-05,0.5448583698766924,0.538652,0.006206367065260565
2012-06-06,0.5381711290897329,0.52381396,0.014357166153331491
2012-06-07,0.5359226563941775,0.51586056,0.020062098838025122
2012-06-08,0.5345029749473724,0.51241463,0.022088340719619737
2012-06-10,0.5345040851848353,0.5107011,0.02380296528508552
2012-06-11,0.5319892182278636,0.5103867,0.021602512829304032
2012-06-12,0.5328178401164223,0.50843245,0.024385392206113465
2012-06-13,0.5272553815721039,0.50868076,0.018574620711660828
2012-06-14,0.5227283342828741,0.5045086,0.018219719742774032
2012-06-15,0.5158338831356559,0.50030786,0.015526025145391031
2012-06-16,0.5103302311786138,0.49418277,0.016147465694757557
2012-06-17,0.5024592229769951,0.48879224,0.013666982357335655
2012-06-19,0.4842019152320063,0.48170984,0.002492077318493102
2012-06-21,0.4685487508836559,0.46646017,0.002088582521992066
2012-06-22,0.4513266144940644,0.45145434,-0.00012772691752616083
2012-06-23,0.44552714070096044,0.43515706,0.0103700800777915
2012-06-24,0.43812965369488666,0.42751873,0.01061092829968402
2012-06-25,0.42611579765343777,0.42027777,0.005838023319483909
2012-06-26,0.4177418009358007,0.40968132,0.008060480745371024
2012-06-28,0.3952826330487369,0.40117633,-0.0058937003786923015
2012-06-29,0.388713744938741,0.38201612,0.006697622597584996
2012-06-30,0.38090206720971764,0.3733989,0.007503167177674186
2012-07-01,0.3667575458994179,0.36553562,0.0012219290247230674
2012-07-02,0.360425398141615,0.35306025,0.00736515262769899
2012-07-03,0.3534128281798985,0.3458792,0.007533631059231993
2012-07-04,0.34861958352712463,0.3389858,0.009633782784021605
2012-07-05,0.3449802551431276,0.3340451,0.010935143010101456
2012-07-06,0.34261362381948857,0.33029413,0.01231949158682255
2012-07-07,0.3408682312046949,0.32778543,0.013082798865980294
2012-07-08,0.3389452383235039,0.3259731,0.0129721448138298
2012-07-09,0.3362233854418264,0.3241346,0.012088797200249246
2012-07-10,0.3387984918699658,0.32164907,0.01714941731552244
2012-07-11,0.33317631265208547,0.32334027,0.009836045709107566
2012-07-12,0.3265777701585648,0.31902772,0.007550048276698362
2012-07-14,0.31710924441449606,0.31309086,0.004018383570837614
2012-07-15,0.31000763845713664,0.3044504,0.00555724573405314
2012-07-16,0.3049774939941017,0.29733938,0.00763811420665661
2012-07-17,0.29444324619453255,0.2921161,0.0023271406380445114
2012-07-18,0.2843528777548272,0.2827232,0.00162968935455865
2012-07-19,0.16551216943753388,0.273095,-0.10758284227358672
2012-07-20,0.259467120617046,0.17542578,0.08404133781732526
2012-07-21,0.25118181500283754,0.2413369,0.009844917987265944
2012-07-22,0.23848737994558178,0.23806697,0.0004204086435493082
2012-07-23,0.22327770285573934,0.2291429,-0.005865201425876876
2012-07-24,0.21638324309515156,0.21491323,0.0014700089805046446
2012-07-25,0.2095775591515121,0.20727281,0.0023047464273986407
2012-07-26,0.20490249571275854,0.20048547,0.004417027801991935
2012-07-27,0.18880513444446478,0.19573286,-0.0069277273128136585
2012-07-28,0.18031280919603887,0.18150914,-0.0011963279575866181
2012-07-29,0.18202926529284014,0.17273921,0.009290057548241748
2012-07-30,0.17131806326597143,0.17310569,-0.001787623637028446
2012-07-31,0.16693884913274815,0.16385892,0.0030799287969784928
2012-08-01,0.1601926504399671,0.15929618,0.0008964656617536093
2012-08-02,0.1584175786852029,0.1528928,0.005524780499854387
2012-08-03,0.15557739523683267,0.15075575,0.004821647084099823
2012-08-04,0.15566676710659522,0.14800821,0.0076585546594287734
2012-08-05,0.1524418642575256,0.14784358,0.0045982798392287805
2012-08-06,0.14924650428838504,0.1449889,0.004257609825799591
2012-08-07,0.14912863452946112,0.14200285,0.007125783758510806
2012-08-09,0.1442761261450869,0.14160451,0.0026716132151705096
2012-08-10,0.13782587781770417,0.13730977,0.0005161030612725881
2012-08-12,0.7114668887807056,0.13138509,0.5800818008137867
2012-08-14,0.6995128642392956,0.6647729,0.034739936478217714
2012-08-15,0.6891265386511805,0.65444016,0.034686374085140415
2012-08-16,0.5440670668044731,0.6581588,-0.11409171233981397
2012-08-18,0.6474626960825844,0.5541179,0.09334477806805808
2012-08-19,0.6437641536149386,0.60471463,0.03904952158063679
2012-08-20,0.6245596014941839,0.60868406,0.01587553853642021
2012-08-21,0.6165998433170898,0.59934,0.017259821706829825
2012-08-22,0.6046453724829917,0.59033406,0.014311314675069298
2012-08-23,0.6178734562950012,0.57931894,0.038554515655505384
2012-08-24,0.5901167290439844,0.5867288,0.0033879177799462923
2012-08-25,0.5847612421139274,0.5678815,0.016879717551091744
2012-08-26,0.5818322709110362,0.5602879,0.021544378092585248
2012-08-27,0.5781042921862536,0.555834,0.02227029684399895
2012-08-28,0.5714763782093542,0.5523625,0.019113876588107814
2012-08-29,0.5700269810640748,0.54674804,0.02327893895744637
2012-08-30,0.5662990040354998,0.5444748,0.021824223475960025
2012-08-31,0.5645240965541234,0.5411617,0.023362380569778907
2012-09-01,0.5625124034127111,0.5392068,0.023305600567709917
2012-09-02,0.5604414247009117,0.5372609,0.023180534693892696
2012-09-03,0.5584002164896447,0.53533036,0.023069861322255747
2012-09-04,0.5539619074424991,0.53340095,0.020560954626489547
2012-09-06,0.42588832757337514,0.5296883,-0.10379997112886485
2012-09-07,0.53789498218066,0.4347778,0.10311718591219687
2012-09-09,0.5294618630800869,0.50021166,0.029250206986489502
2012-09-11,0.5065296852667416,0.5027435,0.003786202677019901
2012-09-12,0.49984236505633817,0.48873037,0.011111994057955599
2012-09-13,0.4980668990306185,0.479784,0.018282887189798203
2012-09-14,0.48534292360454856,0.47641385,0.008929077588618384
2012-09-15,0.46823956977095804,0.46619302,0.002046549427177524
2012-09-16,0.4567880485224123,0.45119655,0.0055914971994752705
2012-09-17,0.4435314440320326,0.43934327,0.004188170392353641
2012-09-18,0.43187288300396176,0.42675865,0.005114236038934905
2012-09-19,0.4148581776798892,0.4153661,-0.0005079355059933732
2012-09-20,0.4080526211128017,0.39996696,0.008085665927865193
2012-09-21,0.4049753159301872,0.39179873,0.013176581265270215
2012-09-22,0.4180854069477391,0.38782042,0.030264984298355557
2012-09-24,0.4027282950414701,0.39750522,0.005223071290402004
2012-09-25,0.3748238054454305,0.3870898,-0.012265983468296326
2012-09-26,0.37213197625760586,0.36355734,0.008574637543006247
2012-09-27,0.37251729591525873,0.35700834,0.015508957940710388
2012-09-28,0.37059439154654683,0.35600597,0.014588424883186235
2012-09-29,0.3688194213264069,0.35443288,0.014386540447958396
2012-09-30,0.3680505780343992,0.35278374,0.015266838467596244
2012-10-01,0.36500315445073284,0.35187972,0.013123438531238207
2012-10-02,0.3633164651928382,0.34929043,0.014026034647031338
2012-10-03,0.3555938533713743,0.34752887,0.00806497849725929
2012-10-04,0.35124433241799125,0.34104306,0.01020127736046561
2012-10-05,0.3454744241566914,0.33651948,0.00895494440510447
2012-10-06,0.3406218408931636,0.33109114,0.009530705152883456
2012-10-07,0.331153095868558,0.32632822,0.004824877885312162
2012-10-08,0.32375560513264645,0.317918,0.005837602527208219
2012-10-09,0.31736421493997113,0.31062025,0.0067439666222526284
2012-10-10,0.30549847108932227,0.3042492,0.0012492738446781004
2012-10-11,0.2971540396324599,0.29362366,0.0035303835979902942
2012-10-12,0.28596885858769383,0.28521773,0.0007511263966080151
2012-10-13,0.26620208989470484,0.27474833,-0.00854623545319555
2012-10-14,0.2571770965819269,0.25701115,0.00016595122860962874
2012-10-15,0.2461397980023321,0.24700473,-0.0008649344872537768
2012-10-16,0.2276750751993859,0.23632526,-0.00865018877766488
2012-10-17,0.2160460961854369,0.21955314,-0.003507046600589092
2012-10-18,0.20651825272079805,0.20762672,-0.0011084625816693006
2012-10-19,0.2003934586387004,0.19799122,0.002402236495527177
2012-10-20,0.19876608628692338,0.19163261,0.007133472747227643
2012-10-22,0.18651655373878384,0.18946987,-0.0029533201663980435
2012-10-24,0.17500690612587277,0.17876542,-0.0037585100194519327
2012-10-25,0.1969943165549921,0.16786464,0.029129680968253524
2012-10-26,0.19353219084314333,0.18555295,0.007979236169376236
2012-10-27,0.1845963531036432,0.1839203,0.0006760590572412184
2012-10-28,0.1803357253743343,0.17658533,0.0037503938151530747
2012-10-29,0.17533529918773638,0.17211467,0.0032206289110945363
2012-10-31,0.16873733633156007,0.16726682,0.0014705204307574604
2012-11-01,0.6689900237442998,0.1611094,0.5078806209685354
2012-11-05,0.759365525721023,0.617318,0.14204755115360967
2012-11-06,0.7606981048793386,0.68996227,0.07073583700366726
2012-11-07,0.7500457000123788,0.71534526,0.034700436531238665
2012-11-10,0.7142115640385782,0.7135711,0.0006404924138223578
2012-11-11,0.6983802455588375,0.6871311,0.01124913870535238
2012-11-12,0.6848277775875431,0.66956866,0.015259119712482061
2012-11-13,0.6695591115953903,0.655117,0.014442136287925678
2012-11-14,0.6618066413707311,0.6411411,0.02066552475162098
2012-11-16,0.6434612547168399,0.6323661,0.011095133901562804
2012-11-18,0.6367157009094626,0.61709607,0.01961963443454806
2012-11-19,0.6355918874883173,0.60888714,0.02670475150580387
2012-11-20,0.6260048285157609,0.6059702,0.02003462463926553
2012-11-22,0.631184566480897,0.598477,0.03270756052233992
2012-11-23,0.6273086205769687,0.60069305,0.0266155735303073
2012-11-24,0.6284337160382165,0.59814554,0.030288171509255335
2012-11-25,0.6212435264128544,0.5986484,0.022595097495923255
2012-11-27,0.6170129164097489,0.5933864,0.02362650474287875
2012-11-28,0.46677421840968236,0.5892563,-0.12248206821141139
2012-11-29,0.6041416211992328,0.48038584,0.12375578126011533
2012-12-01,0.5916546384364665,0.55917674,0.03247789540591839
2012-12-02,0.5810614595220613,0.56077623,0.020285225848965638
2012-12-03,0.5731610394132076,0.5570662,0.01609483724951133
2012-12-05,0.5633667070028423,0.54895127,0.014415438806736347
2012-12-06,0.5493705926528492,0.53995365,0.00941694360881229
2012-12-08,0.5140685731171288,0.5276734,-0.01360485017312385
2012-12-10,0.47983189398155446,0.4987918,-0.018959919868848374
2012-12-11,0.4666050905825614,0.46686548,-0.00026038936357508646
2012-12-12,0.47755455740980324,0.44984287,0.027711687174360122
2012-12-14,0.44740210041845785,0.45484722,-0.007445116187682288
2012-12-16,0.4317198917087808,0.43278587,-0.001065976935933577
2012-12-18,0.4313364215204274,0.4166746,0.014661807567790675
2012-12-19,0.4301533565085265,0.41290867,0.017244683222088497
2012-12-20,0.4289112475876209,0.4113369,0.017574348783909954
2012-12-22,0.42790620973573823,0.41019052,0.01771568706499238
2012-12-23,0.40180632643023273,0.40919107,-0.00738474555691937
2012-12-25,0.3948234635540757,0.38868517,0.006138296718290803
2012-12-31,0.3622765749360042,0.3794765,-0.01719991270056198
2013-01-04,0.3442279602195413,0.3519665,-0.007738540062746324
2013-01-07,0.2526201855312138,0.3328877,-0.0802675236095638
2013-01-08,0.24368373363085993,0.25663286,-0.01294913084439031
2013-01-09,0.14277534457232832,0.2361232,-0.09334785965893388
2013-01-10,0.2286218741646735,0.14935091,0.07927096278581303
2013-01-11,0.2169039079885806,0.21273637,0.004167539809259324
2013-01-13,0.2071980804321356,0.20569517,0.0015029132482595742
2013-01-14,0.19923814007506735,0.19867055,0.0005675888942278107
2013-01-15,0.188792605015351,0.19073847,-0.0019458643469079107
2013-01-16,0.18024089164282486,0.18091756,-0.0006766694114048732
2013-01-17,0.17384935257268808,0.17252985,0.001319506142863247
2013-01-18,0.16807920624341932,0.16609502,0.001984187856578501
2013-01-20,0.15985297960378375,0.16042587,-0.0005728920068577281
2013-01-21,0.15275126146207185,0.1527529,-1.6446219888166524e-06
2013-01-24,0.13757135833293432,0.1458726,-0.008301234593091067
2013-01-25,0.13191964756379093,0.132046,-0.0001263516055587388
2013-01-26,0.1258240067695624,0.1259005,-7.650020370419952e-05
2013-01-28,0.11969876144303271,0.119853005,-0.00015424337016156642
2013-01-29,0.10836552986120296,0.113990895,-0.005625365588912246
2013-01-30,0.0,0.10356241,-0.10356240719556808
2013-01-31,0.11236118183433064,0.008978553,0.10338262871800907
2013-02-02,0.0988381890515484,0.10574724,-0.0069090487500034214
2013-02-03,0.08842211493720242,0.091308124,-0.002886009426219971
2013-02-04,0.08155708763524672,0.084536955,-0.002979867125304736
2013-02-05,0.08167568027920424,0.077619344,0.00405633628315627
2013-02-06,0.5798269497172441,0.077171594,0.5026553558127489
2013-02-07,0.5773119549085095,0.5487767,0.028535268716950668
2013-02-09,0.558876758570932,0.5409459,0.017930871005319204
2013-02-10,0.5505322063850144,0.5372264,0.013305827467320341
2013-02-12,0.5426316127777682,0.5280502,0.014581428527890239
2013-02-13,0.5366544299258749,0.5199739,0.016680555833772814
2013-02-15,0.530085397143921,0.5139047,0.016180706401428324
2013-02-16,0.5231613267460489,0.50770587,0.015455459455552045
2013-02-17,0.5168289886019011,0.5012372,0.01559177499029829
2013-02-20,0.5255298694642079,0.49512708,0.030402787593175162
2013-02-21,0.5202628024026126,0.5004525,0.019810283939477813
2013-02-22,0.5133977706914266,0.4974712,0.01592655735066728
2013-02-24,0.505763375668721,0.49189758,0.013865792660908483
2013-02-25,0.49490358260300127,0.48486656,0.010037023097538622
2013-02-26,0.4865885612898637,0.47519785,0.011390709631996287
2013-02-28,0.4702248600888197,0.4669258,0.003299060242170526
2013-03-01,0.46270880838346784,0.45275688,0.009951926669600653
2013-03-03,0.44871236989501995,0.4442265,0.004485866522827564
2013-03-04,0.4400126697410087,0.43169498,0.008317685304973566
2013-03-05,0.4311353903467534,0.42264563,0.008489761894452386
2013-03-06,0.4199795008184992,0.4139685,0.0060109973433100095
2013-03-08,0.4070188417431382,0.40370125,0.0033175959583786607
2013-03-09,0.39970995034218504,0.3916803,0.008029650106436748
2013-03-11,0.384529857097732,0.38373178,0.00079807466136117
2013-03-12,0.37648117029129935,0.37032074,0.006160432929391391
2013-03-13,0.36908347872349623,0.36163455,0.0074489262447059446
2013-03-14,0.36147865791508593,0.3541665,0.007312150194138667
2013-03-16,0.34810367653381036,0.34687096,0.0012327177287261293
2013-03-17,0.34103152595980646,0.33496296,0.006068561901884095
2013-03-19,0.3339593759278614,0.32732153,0.006637846539433667
2013-03-20,0.32407613354052955,0.32031223,0.0037639017614310433
2013-03-21,0.31576119422879856,0.31124008,0.0045211172100607655
2013-03-22,0.3091921093568999,0.30307758,0.006114530812283192
2013-03-24,0.30253423469503105,0.29643852,0.006095719508721231
2013-03-25,0.29620185761814355,0.28998888,0.006212982229044428
2013-03-26,0.2864665790871186,0.28384703,0.002619545109610044
2013-03-28,0.2744232304257821,0.27495545,-0.0005322210627127788
2013-03-29,0.2662266492852723,0.26377696,0.002449691296533274
2013-03-31,0.2534731253508653,0.2553929,-0.0019197836991224904
2013-04-02,0.2453949551486403,0.24361353,0.0017814289235502656
2013-04-05,0.22583563298485387,0.23531546,-0.009479824001573434
2013-04-06,0.1866270240598169,0.21783878,-0.031211755032018118
2013-04-08,0.1815079679927294,0.18284671,-0.0013387420931394445
2013-04-09,0.19290126704072463,0.17411256,0.01878870867585647
2013-04-10,0.6519026716732697,0.18247421,0.4694284608149246
2013-04-11,0.6487366577521243,0.5972542,0.05148244108113431
2013-04-12,0.6449491981861684,0.6059741,0.0389751200077626
2013-04-14,0.6379954441040354,0.61507016,0.022925279900391615
2013-04-15,0.6307755558723329,0.6092843,0.02149127414168106
2013-04-16,0.6252717496113291,0.602768,0.022503745670746866
2013-04-17,0.6196495907420285,0.59726536,0.022384228002465534
2013-04-18,0.6128733463788194,0.5919274,0.0209459372067613
2013-04-19,0.6055644618281804,0.5858228,0.019741641164728208
2013-04-20,0.5988769789041726,0.57913625,0.019740726500913297
2013-04-22,0.5916272938543443,0.5727501,0.01887720230160994
2013-04-24,0.5716240332553753,0.5660149,0.005609147352970467
2013-04-26,0.5567399137080429,0.5498603,0.006879615074467438
2013-04-27,0.5489576081408813,0.53536844,0.013589165605480957
2013-04-29,0.5355530568867835,0.52626437,0.009288687399021
2013-05-01,0.49684749331572675,0.5143527,-0.01750518593689776
2013-05-04,0.4773770533879542,0.483025,-0.005647961012527958
2013-05-06,0.46568888877754944,0.46161914,0.00406975005989807
2013-05-07,0.46036268997249863,0.448004,0.01235868263302109
2013-05-08,0.4548293324228325,0.4413792,0.01345014293156055
2013-05-10,0.4486153914490387,0.4358744,0.012740988925997954
2013-05-11,0.4430228510154848,0.43007362,0.012949232126629795
2013-05-12,0.43503350112496264,0.4246437,0.01038980577050097
2013-05-13,0.42973686561390423,0.41741574,0.012321127508130303
2013-05-14,0.42322697515555774,0.41195607,0.011270903301920043
2013-05-15,0.4172201487717757,0.40583998,0.011380169123185624
2013-05-16,0.4098225172297134,0.40004593,0.009776585890449496
2013-05-18,0.39772002929703376,0.39318568,0.004534354152838205
2013-05-19,0.401271516162069,0.38245708,0.018814438658864674
2013-05-20,0.39419936640160813,0.38334304,0.01085632545846238
2013-05-22,0.3866537769717979,0.37781012,0.008843656389217358
2013-05-23,0.2859820174385277,0.37102962,-0.08504759796369399
2013-05-24,0.3640464165209778,0.29102832,0.07301809573164064
2013-05-26,0.35632329349800784,0.34038848,0.015934816649405548
2013-05-27,0.3445463412008394,0.33931845,0.0052278869352448964
2013-05-30,0.24050146156560004,0.33127797,-0.09077650493372857
2013-05-31,0.2955433744978109,0.24696054,0.04858283885232595
2013-06-01,0.28820495012132596,0.2781836,0.010021340874118323
2013-06-03,0.27707899468987307,0.27455097,0.002528020320823998
2013-06-04,0.27122013806229006,0.2661354,0.005084743489078392
2013-06-06,0.2704514013921653,0.259853,0.010598395982924558
2013-06-08,0.25740203690156704,0.2582706,-0.0008685545958542207
2013-06-10,0.2495014178598467,0.24723363,0.0022677886331621266
2013-06-11,0.23828664516986464,0.23925856,-0.0009719123881950509
2013-06-12,0.23201350476256266,0.22874103,0.0032724698971833277
2013-06-14,0.21988144797387577,0.22214414,-0.002262693819375272
2013-06-16,0.21283895029137057,0.21105777,0.001781183019375021
2013-06-17,0.20378429710081036,0.2037942,-9.899147244141204e-06
2013-06-18,0.11687294231160195,0.1951772,-0.07830425514475792
2013-06-19,0.18691769352199117,0.12132463,0.06559306493045369
2013-06-24,0.1317599978938233,0.1743475,-0.04258750707958825
2013-06-27,0.6777029663098801,0.12894663,0.5487563341630448
2013-06-28,0.672998190564158,0.63236904,0.0406291491212869
2013-06-29,0.6633812994364234,0.6289411,0.03444018071922983
2013-06-30,0.6596530426950267,0.6335995,0.026053522965412412
2013-07-01,0.6568422193354309,0.6291465,0.027695703012341255
2013-07-03,0.6518416252124553,0.6259848,0.025856837271476252
2013-07-04,0.6450064464115712,0.62173814,0.023268310596904485
2013-07-06,0.6391476541507473,0.61587894,0.023268714522146183
2013-07-07,0.6340877787288264,0.6103021,0.023785688083989953
2013-07-08,0.6293237899849373,0.60534567,0.023978123576398502
2013-07-09,0.6215415722513171,0.60078126,0.020760310330388165
2013-07-10,0.6134042351045537,0.59411585,0.019288381794922316
2013-07-11,0.5183254256039618,0.58672726,-0.06840183593931215
2013-07-12,0.6004436275770786,0.5163152,0.08412840579057956
2013-07-14,0.5931940005862089,0.5618565,0.031337492331203975
2013-07-15,0.5826893431431017,0.563304,0.01938533608972648
2013-07-16,0.5740193035453558,0.55830467,0.01571463607251644
2013-07-17,0.5669175708212606,0.5499159,0.017001661054109718
2013-07-18,0.47328876787832996,0.542794,-0.06950522130318859
2013-07-20,0.5449317941761365,0.47249264,0.07243915892604491
2013-07-23,0.49720063215272603,0.5115402,-0.0143395423315269
2013-07-24,0.48684405800668173,0.48141235,0.005431706875242526
2013-07-25,0.404341864944854,0.46928906,-0.06494719946249461
2013-07-27,0.4757775333614518,0.40317094,0.07260659010125892
2013-07-28,0.470954436341799,0.44601703,0.024937409440553893
2013-07-29,0.4660129719950419,0.44824594,0.01776702940242103
2013-07-30,0.45772777110369134,0.446415,0.011312763989280938
2013-07-31,0.45180980789655223,0.43913597,0.012673839211402083
2013-08-02,0.4468683970640086,0.43318146,0.013686932391919981
2013-08-03,0.44210443551810386,0.4281876,0.013916826799231785
2013-08-04,0.43719253181961903,0.42356575,0.013626786465920304
2013-08-05,0.4295878810503382,0.41889155,0.010696331939925585
2013-08-06,0.42295969678752954,0.4121092,0.010850500601463864
2013-08-08,0.4156509325598563,0.4056933,0.00995763994205845
2013-08-09,0.4095553526731237,0.39877772,0.010777629360745777
2013-08-10,0.40014563005706805,0.3927496,0.007396022494049248
2013-08-11,0.3914756205736012,0.3842634,0.007212224310478632
2013-08-13,0.38304232987411524,0.37593544,0.007106894579010259
2013-08-14,0.3758814416678433,0.36777097,0.00811047180013702
2013-08-16,0.36105653362710655,0.36067003,0.0003865035100716341
2013-08-17,0.35496099165493433,0.34766513,0.007295860562862799
2013-08-19,0.33800576262774484,0.34061027,-0.00260450310406668
2013-08-20,0.30936096208370145,0.3257733,-0.01641233665668551
2013-08-22,0.1999009582709732,0.30040237,-0.10050141480451202
2013-08-23,0.2916659201523544,0.20845832,0.08320760084598078
2013-08-24,0.28548157055183765,0.2713725,0.014109073470081057
2013-08-25,0.27914927927486133,0.27081293,0.008336350598256104
2013-08-26,0.26908864918641484,0.26741284,0.0016758078663769993
2013-08-27,0.2635257323440783,0.25824803,0.005277701204704499
2013-08-28,0.2674026667391445,0.25237113,0.015031534365334664
2013-08-29,0.2608928259969616,0.2547246,0.006168234026517894
2013-08-30,0.25453091011195283,0.24957173,0.0049591843858252105
2013-09-01,0.24754763451574036,0.24371545,0.003832184348084411
2013-09-02,0.23769408218868193,0.23706682,0.0006272619248193223
2013-09-03,0.2295567751566523,0.22796436,0.001592418615018687
2013-09-05,0.10464962131845823,0.21997675,-0.11532713167798647
2013-09-06,0.21337092137900981,0.11580371,0.09756721026269588
2013-09-07,0.2056478323365809,0.19810545,0.007542377891695651
2013-09-09,0.19401887455205724,0.19379792,0.00022095837812230457
2013-09-10,0.18703554991907367,0.18608795,0.0009475988549638714
2013-09-11,0.1804369210826735,0.17892705,0.0015098720418791345
2013-09-12,0.17318735940807528,0.17241426,0.0007731012856311281
2013-09-13,0.16726938250030798,0.16549969,0.001769695305483765
2013-09-16,0.1331211872611675,0.15968446,-0.026563277074274083
2013-09-17,0.6293792001356451,0.12979028,0.49958892384665887
2013-09-19,0.6338775758340489,0.5857364,0.04814118190552108
2013-09-20,0.6302973123852098,0.5913936,0.0389037224117601
2013-09-21,0.6303570414006572,0.6009145,0.029442563098655228
2013-09-22,0.6269543489838725,0.6006524,0.026301952304947918
2013-09-23,0.6225751043293712,0.5979943,0.024580776784205227
2013-09-24,0.6169235522725103,0.5942907,0.02263287853975271
2013-09-25,0.6128106361552454,0.5893165,0.023494148842928553
2013-09-26,0.6074548766337102,0.58520687,0.022248010369366966
2013-09-27,0.6039633923255678,0.58035815,0.023605244704413053
2013-09-29,0.5984597105921239,0.576759,0.021700729841086286
2013-09-30,0.5899673523122146,0.57190776,0.01805959359944609
2013-10-01,0.583871777580498,0.5646486,0.019223149345634738
2013-10-02,0.5757048769360154,0.5585681,0.01713675693326877
2013-10-03,0.5688990962062235,0.5511734,0.01772570724824618
2013-10-08,0.5343966712225665,0.5445784,-0.010181702209592913
2013-10-09,0.5279460889901202,0.5176282,0.01031789608850886
2013-10-10,0.5181515978674724,0.5070457,0.011105911622507847
2013-10-12,0.5045103769352863,0.4970448,0.007465575223250198
2013-10-13,0.4727292150901121,0.48499334,-0.012264123494787782
2013-10-14,0.46500614442857113,0.45848006,0.006526084328015713
2013-10-15,0.4576677323957483,0.44713432,0.010533416428188502
2013-10-16,0.45071403488054784,0.43901646,0.011697573508172354
2013-10-18,0.44358286108399625,0.43228722,0.011295644897472812
2013-10-19,0.433167243842945,0.42548907,0.0076781758116339915
2013-10-21,0.4266278543896078,0.41613287,0.010494987053334626
2013-10-22,0.42585904704446875,0.40929747,0.01656158076639258
2013-10-23,0.33285219708250224,0.40739143,-0.07453923186494649
2013-10-24,0.41316487196309026,0.33519316,0.07797171476704534
2013-10-26,0.40517553556992425,0.38618356,0.018991975675362482
2013-10-27,0.39916878501480824,0.38597178,0.013197000423133431
2013-10-28,0.39345793558459263,0.38280398,0.010653959048795514
2013-10-29,0.3841962228102602,0.3772058,0.006990433721057343
2013-10-30,0.37670997117811567,0.36891532,0.007794651735366642
2013-10-31,0.370318489420697,0.36154962,0.008768873560711654
2013-11-02,0.3627434060149426,0.3551662,0.007577209191822476
2013-11-03,0.356115208526262,0.34804738,0.008067832847245882
2013-11-04,0.3494278466027936,0.34156233,0.007865515879984741
2013-11-05,0.3426812821940075,0.33511245,0.007568829686988465
2013-11-06,0.3368225915360199,0.3286372,0.00818537902114258
2013-11-07,0.32087317974537655,0.32286513,-0.0019919487717743323
2013-11-11,0.3030306911964544,0.3090755,-0.006044813344942668
2013-11-12,0.26956267283458146,0.29247504,-0.022912371892743977
2013-11-13,0.2624610667412526,0.26260766,-0.00014659712860520813
2013-11-14,0.2564839361148188,0.2522351,0.004248821540386416
2013-11-15,0.2632610735381604,0.24556166,0.01769941420207033
2013-11-16,0.2545019712879366,0.25039452,0.004107448144168302
2013-11-17,0.24509234973220373,0.24363784,0.001454504812045343
2013-11-18,0.23665922486543423,0.23508897,0.001570250627992209
2013-11-20,0.22858106822877744,0.2268483,0.0017327639570794418
2013-11-21,0.22047343694657684,0.21899016,0.0014832749316155969
2013-11-22,0.21494017007989896,0.21117134,0.003768826157283911
2013-11-23,0.6802441650766013,0.20552847,0.4747156971830009
2013-11-24,0.706759297253484,0.620387,0.08637227952658577
2013-11-26,0.6991841676581316,0.6530671,0.04611705568913749
2013-11-27,0.6872000332841708,0.66450846,0.022691571331961313
2013-11-28,0.6782636749148878,0.656446,0.02181769484286633
2013-11-29,0.6658651565821856,0.64774764,0.018117520740815962
2013-12-01,0.6545023375597339,0.6367782,0.017724161728892796
2013-12-02,0.6409498524280934,0.6261637,0.01478613134349871
2013-12-03,0.6310074093194089,0.61391175,0.017095661386974825
2013-12-04,0.6248232042557902,0.6039483,0.020874909139365627
2013-12-06,0.6076013983806661,0.59714264,0.01045876160469561
2013-12-07,0.5967712382657737,0.58312654,0.01364469331338114
2013-12-08,0.5866512856418922,0.57218343,0.014467855447037437
2013-12-09,0.5787505911098378,0.56214917,0.01660142404898579
2013-12-11,0.5669440969513744,0.55420005,0.012744043736347521
2013-12-12,0.5579486603537589,0.54374987,0.014198791483977402
2013-12-14,0.5502256984168525,0.53486603,0.015359663432263915
2013-12-15,0.539514129521649,0.5271589,0.012355213525097497
2013-12-17,0.5324422122671422,0.5175584,0.014883816404562822
2013-12-18,0.5266722015890082,0.5102658,0.016406374410053104
2013-12-20,0.5116701236361223,0.50436276,0.007307361661787581
2013-12-21,0.5044502493760774,0.49189168,0.012558567228097672
2013-12-23,0.49702321209906586,0.48390794,0.01311527409552582
2013-12-24,0.4865779978545106,0.47652936,0.01004863803700573
2013-12-25,0.4803049878755701,0.46717608,0.013128908125509042
2013-12-27,0.4731443007053713,0.46052796,0.012616344219622988
2013-12-28,0.4634387467576744,0.45369148,0.009747264213729068
2013-12-29,0.45571569230605746,0.44494802,0.010767674708858976
2013-12-31,0.45115911977291034,0.43730527,0.013853848147391545
2014-01-01,0.41573813712921037,0.4322874,-0.01654925787124739
2014-01-02,0.40342845402892635,0.40402913,-0.0006006769067425921
2014-01-04,0.39345655634997456,0.38906628,0.004390277415495802
2014-01-05,0.3851416864922612,0.37817025,0.006971434645947738
2014-01-06,0.3766788166949482,0.36981326,0.006865553278657899
2014-01-07,0.3694292377244892,0.36165142,0.0077778171312274935
2014-01-08,0.3592798937434054,0.35448837,0.004791520940671035
2014-01-09,0.2798554780665654,0.34517276,-0.06531728480422316
2014-01-10,0.3467929502512561,0.2807009,0.0660920580412494
2014-01-11,0.33980974187124957,0.32477057,0.015039172069919005
2014-01-12,0.3527119791347104,0.32370046,0.029011521323354827
2014-01-13,0.3434502321765649,0.335261,0.00818924489476558
2014-01-15,0.33510583653151116,0.32914808,0.005957752606263966
2014-01-16,0.3285072431003755,0.3216871,0.0068201407825654314
2014-01-17,0.321967854596096,0.31503338,0.006934478379207576
2014-01-18,0.3156652022389608,0.30867696,0.006988244154854328
2014-01-19,0.3064627457356437,0.3025741,0.003888647625444719
2014-01-20,0.2985918035965369,0.294145,0.004446815536539361
2014-01-22,0.2906616989889699,0.2864517,0.0042100016394215345
2014-01-23,0.2795358509933976,0.2787807,0.0007551522171524994
2014-01-25,0.2713985835043786,0.26852262,0.002875963303267781
2014-01-26,0.2607462289633986,0.26034328,0.0004029455485579092
2014-01-27,0.2531415763628502,0.2503376,0.002803975654842361
2014-01-28,0.24811142504995587,0.24265982,0.00545160294359448
2014-01-29,0.24284449655533535,0.23738815,0.005456347651488613
2014-01-30,0.12660771615219346,0.2322771,-0.10566937916564711
2014-02-01,0.20032173479512494,0.13597453,0.06434720838979047
2014-02-02,0.1912966707400301,0.1871664,0.004130277936837956
2014-02-03,0.18238999666664313,0.18103614,0.0013538521716327523
2014-02-04,0.1728028552856813,0.17460206,-0.0017992062244047702
2014-02-05,0.16466563635958664,0.16544166,-0.0007760257135487336
2014-02-06,0.08565543297436307,0.15747127,-0.0718158363947623
2014-02-07,0.15791919749608496,0.08931273,0.06860646527638892
2014-02-08,0.15223798528950283,0.1471134,0.00512458757202694
2014-02-09,0.14694148983835476,0.1431571,0.0037843951213289984
2014-02-10,0.13640747264662423,0.14005072,-0.003643251502126077
2014-02-12,0.14871872326466473,0.13041978,0.01829894742104443
2014-02-13,0.14543450439077787,0.14033258,0.005101924778045941
2014-02-14,0.13930945840365894,0.13796258,0.0013468786764860852
2014-02-16,0.1297815296816225,0.13273987,-0.0029583420587186993
2014-02-17,0.123419706785171,0.123975635,-0.000555927789719135
2014-02-18,0.11611094126874377,0.11766668,-0.0015557353717667866
2014-02-20,0.10560648024875263,0.110657364,-0.005050883881267509
2014-02-22,0.6635931667724435,0.10087243,0.5627207395473306
2014-02-23,0.653502867107818,0.625669,0.027833864574859035
2014-02-25,0.6347129629903066,0.6125827,0.02213027942707413
2014-02-26,0.6243266149522242,0.6091424,0.015184192276137765
2014-02-27,0.5390725629481494,0.5980853,-0.059012721284943837
2014-02-28,0.615271993096485,0.53394836,0.08132363122285824
2014-03-01,0.6060101422294792,0.57622856,0.029781583212297846
2014-03-02,0.5902384719174734,0.57590544,0.014333029679619358
2014-03-03,0.5834327759689586,0.56664,0.016792756552149513
2014-03-04,0.5769821844442049,0.55868703,0.018295153175131418
2014-03-06,0.5703541285756728,0.5520608,0.018293345666279492
2014-03-07,0.5653535438805193,0.54582757,0.019525976303157222
2014-03-08,0.5609447982633355,0.5407853,0.02015948561074765
2014-03-10,0.5507068504703057,0.5364222,0.014284657419921132
2014-03-11,0.5427769457455724,0.5278986,0.014878336107358336
2014-03-13,0.5381907586415764,0.52021,0.017980730946874246
2014-03-14,0.5544080895497245,0.5150841,0.039324001701061206
2014-03-15,0.5470402826340433,0.5262089,0.02083140507056669
2014-03-17,0.539790713023649,0.5228739,0.0169168345446451
2014-03-18,0.5330737770896121,0.5171047,0.01596909178306305
2014-03-19,0.5216815759349629,0.5106282,0.01105335251577344
2014-03-20,0.40352127252572245,0.5007285,-0.09720721544272237
2014-03-22,0.4905221225594687,0.4108222,0.07969990986339326
2014-03-23,0.48137886833774246,0.4589985,0.022380367036930693
2014-03-24,0.4729161637633297,0.4583676,0.01454857762746542
2014-03-26,0.4650452106366174,0.45384264,0.011202570713521709
2014-03-27,0.35333648792084205,0.44619066,-0.09285416731063378
2014-03-31,0.4000641537700176,0.35986614,0.040198011497068364
2014-04-01,0.3929033890062783,0.3789944,0.0139089837366555
2014-04-02,0.38657122205358974,0.37514615,0.011425071464600478
2014-04-04,0.3810972005376243,0.3707469,0.010350289965572301
2014-04-05,0.37153986764087676,0.36532027,0.006219602347755426
2014-04-07,0.3656515819461674,0.35679936,0.008852217856201605
2014-04-08,0.35801763850668067,0.35067135,0.007346287550717534
2014-04-10,0.3520405777412634,0.3434983,0.00854228815614988
2014-04-11,0.34671449566394585,0.33754277,0.009171723370855034
2014-04-12,0.3363877100614445,0.33226532,0.004122392621411564
2014-04-14,0.32925660992304984,0.32310897,0.006147638804122835
2014-04-15,0.318663521081362,0.31590086,0.002762658864412515
2014-04-17,0.2126365363565128,0.30613893,-0.09350239634841273
2014-04-19,0.29620500649116366,0.2197072,0.07649780059955447
2014-04-20,0.2889851114764497,0.27617854,0.012806572677163786
2014-04-22,0.2780960404588768,0.27452892,0.0035671198083946365
2014-04-23,0.26975169771776564,0.26707864,0.0026730596409834106
2014-04-24,0.16354673724435997,0.2587781,-0.09523135800100135
2014-04-25,0.2601352861856867,0.17093197,0.08920332107300055
2014-04-26,0.22637161439888587,0.24161173,-0.015240119633745053
2014-04-27,0.2197139253075875,0.21743293,0.0022809942420281004
2014-04-29,0.20761172665152117,0.21095653,-0.0033448021313233767
2014-04-30,0.20187134343086655,0.19922689,0.0026444573968547047
2014-05-01,0.12259472285950324,0.1930781,-0.0704833778218017
2014-05-03,0.18802358842822287,0.12565884,0.062364748487198085
2014-05-04,0.18311191893235446,0.17547229,0.007639629608547693
2014-05-05,0.1773716301931927,0.1729394,0.0044322253479549545
2014-05-09,1.0,0.16931991,0.8306800872087479
2014-05-13,0.6954415364266424,0.93324435,-0.23780281114568425
2014-05-14,0.6845226130417359,0.7239795,-0.03945686007227778
2014-05-15,0.574795712719606,0.67975163,-0.10495592187817238
2014-05-16,0.6675969169905329,0.57424474,0.09335217936541085
2014-05-17,0.6588677755607932,0.6232771,0.0355906478180259
2014-05-18,0.6489845726487147,0.6241039,0.024880668878267898
2014-05-20,0.635580228465642,0.6204691,0.015111135142888088
2014-05-21,0.6250461199801975,0.60876584,0.016280279449802038
2014-05-22,0.6174118602693852,0.5984791,0.018932768148260948
2014-05-23,0.609274584573086,0.5905348,0.018739778321560152
2014-05-25,0.5939172693265391,0.5828421,0.011075157739014685
2014-05-26,0.5860167538544374,0.5699568,0.016059974374456942
2014-05-28,0.578885606849326,0.56132954,0.01755606325878034
2014-05-29,0.4699287048219958,0.5540522,-0.08412346926934333
2014-05-30,0.561131837890116,0.47298253,0.08814931206461551
2014-06-01,0.5542966361640538,0.52425385,0.03004279094921003
2014-06-02,0.5485858348897636,0.5264851,0.022100749402397923
2014-06-03,0.5400048491942471,0.5250947,0.014910161255556886
2014-06-04,0.5329329597493597,0.5174951,0.015437864019531844
2014-06-05,0.5265711363776973,0.51062906,0.01594207849348095
2014-06-07,0.5150903056378411,0.50438404,0.010706264805321553
2014-06-08,0.5091724097142105,0.4944675,0.014704912842262274
2014-06-09,0.5035208654567214,0.48798192,0.015538949982783379
2014-06-10,0.4966856435180489,0.48230696,0.014378686273175845
2014-06-12,0.49017590980520254,0.47602427,0.014151639747524314
2014-06-13,0.47919812313057264,0.4698187,0.009379411849749886
2014-06-14,0.4721853039782218,0.4602028,0.011982490829723247
2014-06-15,0.46502454904930346,0.45294875,0.01207579998390429
2014-06-16,0.4596097670519157,0.44597697,0.013632794471959642
2014-06-18,0.44880953560777925,0.4404902,0.008319349393332232
2014-06-20,0.4332155999245515,0.4311021,0.002113502890097152
2014-06-22,0.41717771488629296,0.41728556,-0.00010784667529151193
2014-06-23,0.40921797990449704,0.40217096,0.0070470237697009
2014-06-25,0.39584330129764567,0.3930837,0.0027596097006608034
2014-06-26,0.38820908004436205,0.38090056,0.007308518234822259
2014-06-27,0.37945036473911387,0.37276465,0.00668571773212534
2014-06-28,0.3721120876793975,0.36433983,0.007772259188186581
2014-06-29,0.36489215481833526,0.3570907,0.007801443224707327
2014-07-01,0.35249399101030576,0.35008574,0.002408255689260841
2014-07-02,0.34562916291179135,0.33901542,0.006613738660234958
2014-07-04,0.3382317040536691,0.33167905,0.006552657899646874
2014-07-05,0.3288813454155388,0.32446682,0.004414520883983641
2014-07-06,0.32092166442362213,0.315794,0.005127673334754945
2014-07-07,0.3144710528226824,0.3079753,0.0064957606168718485
2014-07-08,0.3076654103888359,0.30149114,0.006174269069560978
2014-07-09,0.3005638732738589,0.29494715,0.005616725904474151
2014-07-10,0.17077376826182444,0.28816456,-0.1173907877646343
2014-07-11,0.2918939878436504,0.1828186,0.10907538134779315
2014-07-12,0.28514755467767827,0.27019507,0.014952487748814747
2014-07-13,0.27538291327709885,0.26982677,0.005556143448302464
2014-07-14,0.26979051900752893,0.26428694,0.0055035836780916725
2014-07-15,0.2620380105968252,0.25840014,0.003637868403984612
2014-07-19,0.23227042697044453,0.2511098,-0.018839381712950853
2014-07-20,0.22445861453979887,0.22550786,-0.0010492408755453653
2014-07-21,0.1993355051272374,0.21556762,-0.01623211348123732
2014-07-22,0.19288509456100655,0.19292173,-3.663333473014063e-05
2014-07-23,0.1879141110744058,0.18484999,0.003064118679958483
2014-07-24,0.1924717401275302,0.17941499,0.013056752563443297
2014-07-26,0.18599159222731032,0.18273993,0.0032516638625565975
2014-07-27,0.17951144486914927,0.17744772,0.00206372350703532
2014-07-28,0.1731496657198477,0.17149803,0.0016516352957296476
2014-07-29,0.16374018605529272,0.16536583,-0.0016256440085271606
2014-07-30,0.15276216131269393,0.1566318,-0.003869636239414831
2014-08-01,0.14604537913919557,0.1463061,-0.00026071836828123196
2014-08-02,0.13761238700772083,0.1394597,-0.001847312384597899
2014-08-03,0.12968238481744265,0.13141327,-0.0017308812452938582
2014-08-04,0.7922167732517664,0.123791344,0.6684254287879412
2014-08-05,0.702464445726946,0.7458482,-0.043383733136579394
2014-08-06,-0.010197783894454915,0.67450917,-0.6847069515656585
2014-08-07,0.666718823492829,0.21495883,0.4517599918249289
2014-08-08,0.6567469290698682,0.6140011,0.04274583377491581
2014-08-10,0.6474260334794053,0.6191437,0.028282309037876985
2014-08-11,0.6372471710374157,0.618965,0.018282141320923984
2014-08-12,0.6275416562925784,0.6095951,0.01794653633942289
2014-08-13,0.620025847063971,0.6004548,0.019571039782476873
2014-08-15,0.611563195393046,0.59291506,0.018648137257059716
2014-08-16,0.6054677513616298,0.5850532,0.020414545871517475
2014-08-17,0.5971827528610447,0.5788825,0.01830023743059428
2014-08-18,0.5917384825843328,0.571426,0.020312508215283742
2014-08-20,0.5854064299855963,0.56582904,0.019577391365601216
2014-08-21,0.478224740315909,0.5599031,-0.081678344915872
2014-08-22,0.5709667832725245,0.48052847,0.09043830941845954
2014-08-23,0.562740746680447,0.53312707,0.029613677207180444
2014-08-25,0.5519406124299167,0.53460336,0.01733725511485318
2014-08-26,0.44570566475249507,0.5293708,-0.08366512000702642
2014-08-29,0.5364360138219126,0.44901282,0.08742319786961161
2014-08-30,0.5280030122621611,0.5010744,0.02692863854008465
2014-08-31,0.5218483903659035,0.5021081,0.019740293289487454
2014-09-01,0.5154865998219975,0.49992633,0.015560271162939898
2014-09-02,0.5089472832128195,0.49382305,0.015124231760182738
2014-09-03,0.5011059968824156,0.48765618,0.01344982079217516
2014-09-04,0.4940636178262139,0.48046345,0.013600172639598895
2014-09-05,0.4867845288731587,0.473666,0.013118516586018814
2014-09-06,0.48051169381642467,0.46674597,0.013765721183062851
2014-09-08,0.34255510847606274,0.46058863,-0.1180335255380669
2014-09-11,0.4223067043562878,0.35550207,0.06680463535985837
2014-09-12,0.4148501939921516,0.39636964,0.018480557933344244
2014-09-14,0.40721610669470465,0.3951218,0.012094293874270079
2014-09-15,0.3980731626402303,0.390783,0.007290150726930733
2014-09-17,0.39215535977245963,0.38228488,0.00987048008801139
2014-09-18,0.38286425347223485,0.37610435,0.0067598986138364126
2014-09-21,0.36653103338130677,0.3676486,-0.0011175681506756519
2014-09-22,0.36031721055951493,0.3532707,0.007046501044897013
2014-09-23,0.35333407454936605,0.3458308,0.007503276400257164
2014-09-25,0.346942803661932,0.3389014,0.008041403095830901
2014-09-26,0.34081775842105344,0.33268762,0.008130142072786839
2014-09-28,0.3236262758941848,0.32673714,-0.0031108597545426164
2014-09-29,0.3172645474787714,0.31194097,0.005323579442119808
2014-09-30,0.3105773080483232,0.3044561,0.006121193279341242
2014-10-01,0.18922149192530924,0.29772973,-0.10850823868076986
2014-10-03,0.29365205476324263,0.19943815,0.09421390006582442
2014-10-04,0.28841489887327043,0.27259463,0.01582026815503923
2014-10-05,0.28178681804456573,0.27317956,0.008607257144831237
2014-10-07,0.26941841917641796,0.26996714,-0.0005487195908244757
2014-10-08,0.14498514980687105,0.25890273,-0.11391757875071562
2014-10-09,0.25127982365256685,0.15615578,0.09512404369479555
2014-10-10,0.24287628059619237,0.23319869,0.009677593161995901
2014-10-12,0.23465028978671398,0.22977683,0.004873460305589106
2014-10-13,0.22743037394957355,0.22485745,0.002572924418018374
2014-10-14,0.22071352191596816,0.21776739,0.0029461342874128604
2014-10-15,0.20946949352037336,0.21120767,-0.0017381794332322897
2014-10-16,0.20219047402088108,0.20091465,0.0012758228654092818
2014-10-17,0.19559199155219176,0.19354266,0.002049332269507431
2014-10-19,0.18399296711868374,0.1870065,-0.0030135362248984165
2014-10-20,0.17751290637352213,0.17638838,0.001124523461839999
2014-10-21,0.1712991210592918,0.1697069,0.0015922251118354325
2014-10-23,0.16428640601907318,0.1635705,0.0007159125593716453
2014-10-24,0.1551136629764187,0.15690313,-0.0017894698198688275
2014-10-27,0.7154092676537402,0.1483224,0.5670868642228015
2014-10-28,0.7052005970663231,0.6645548,0.04064582230512315
2014-10-30,0.6959389224102779,0.6589322,0.037006713395385304
2014-10-31,0.6849315876347646,0.6641189,0.020812701640807063
2014-11-01,0.673539372983214,0.65422994,0.019309433999296743
2014-11-02,0.6654613520659041,0.64383173,0.02162962217698805
2014-11-03,0.6564659011569347,0.6356069,0.020859016200574843
2014-11-05,0.6483879346355934,0.62722063,0.021167303989841457
2014-11-06,0.6393335933748858,0.61953723,0.019796359068550373
2014-11-07,0.6319659146497543,0.61123234,0.02073357431390832
2014-11-09,0.6242726453497198,0.6040336,0.02023905598662168
2014-11-10,0.6139756311981728,0.5968021,0.017173515757804125
2014-11-11,0.6076138945754792,0.58771694,0.019896957510354696
2014-11-12,0.511559122376184,0.5810548,-0.0694956843331056
2014-11-14,0.595659893366701,0.5099438,0.08571611008346736
2014-11-15,0.5903339029896415,0.5570984,0.0332355143177665
2014-11-16,0.5831144025169124,0.56017894,0.022935466989110864
2014-11-18,0.5702724323973598,0.5579217,0.012350724767202337
2014-11-19,0.5654495612375285,0.5470741,0.018375481723978737
2014-11-20,0.5589991058386659,0.54115427,0.017844840434918297
2014-11-21,0.5528149247852525,0.53498894,0.017825985023137036
2014-11-22,0.5466011521539258,0.5291708,0.017430340977625747
2014-11-23,0.5403281690341828,0.5232866,0.01704158799475408
2014-11-25,0.532782866981961,0.51736236,0.015420510796047893
2014-11-26,0.5223969266430686,0.5104713,0.011925642253572732
2014-11-27,0.5153250162393306,0.5012456,0.014079398372814467
2014-11-28,0.5085492151174549,0.4940043,0.014544905940056196
2014-11-30,0.49621034352776405,0.48735625,0.00885409801003334
2014-12-02,0.48493664772558986,0.4766937,0.00824295790243923
2014-12-03,0.36784243798774696,0.46598983,-0.09814739012199425
2014-12-04,0.46647267805929005,0.3755685,0.09090416895742237
2014-12-06,0.4484524263266394,0.4347548,0.013697637451059563
2014-12-07,0.43924992641450444,0.42834926,0.010900669899001514
2014-12-08,0.4311422751234204,0.42217255,0.008969728736701654
2014-12-10,0.420223470162,0.41385502,0.006368453930463147
2014-12-11,0.4092161627204405,0.40386236,0.005353805580853077
2014-12-12,0.4021146393743038,0.39342982,0.00868482360510825
2014-12-14,0.39468771428073524,0.38592994,0.008757772149692755
2014-12-15,0.38622504375462086,0.37871933,0.007505713920636481
2014-12-16,0.3752176849011448,0.37078762,0.0044300643567112274
2014-12-17,0.2764406612759558,0.36068505,-0.08424438921156252
2014-12-18,0.36196166757736137,0.2813515,0.08061016086730888
2014-12-20,0.3504514673891208,0.33758497,0.01286649500752901
2014-12-21,0.3436162752259406,0.3340742,0.009542076026264112
2014-12-22,0.33686985928761715,0.3297087,0.007161163875935017
2014-12-23,0.330212219641453,0.323053,0.007159217283970065
2014-12-24,0.32314034810224257,0.3166321,0.006508256103188614
2014-12-25,0.3188502036068712,0.30988902,0.008961185071257205
2014-12-28,0.2865672285956862,0.3053504,-0.018783164461183333
2014-12-30,0.2749385027750577,0.27848414,-0.0035456330911074474
2014-12-31,0.2680145664689917,0.26489517,0.003119395541943959
2015-01-01,0.17210758381361302,0.25692713,-0.08481954879289333
2015-01-02,0.258013650135581,0.17744285,0.08057080145317741
2015-01-03,0.24990609230826522,0.24007058,0.009835510872107989
2015-01-05,0.24073322466938407,0.23702376,0.0037094687613716815
2015-01-06,0.14355412289569358,0.2308364,-0.08728228345444222
2015-01-07,0.22428145954881984,0.14946377,0.07481768677507716
2015-01-09,0.2144577933659093,0.20888756,0.005570231210185739
2015-01-10,0.20809608027911963,0.20324728,0.004848801350362919
2015-01-11,0.19892341082640996,0.19908366,-0.00016024524620661396
2015-01-12,0.1927392225152289,0.1904894,0.0022498260623251554
2015-01-13,0.18667343035804151,0.18426296,0.002410469208825816
2015-01-14,0.08520319152876255,0.17833544,-0.09313225161031369
2015-01-15,0.17303268542673322,0.09223929,0.08079339495088789
2015-01-16,0.16619755973260908,0.16105318,0.005144379038029001
2015-01-18,0.15897776706697186,0.15627779,0.0026999764013453387
2015-01-19,0.15252730963356953,0.15183532,0.000691987253503612
2015-01-20,0.14595840049742037,0.14556736,0.0003910429572897556
2015-01-21,0.13915275596127685,0.13924772,-9.495951189819607e-05
2015-01-22,0.131873921353872,0.13273579,-0.0008618674683020799
2015-01-26,0.0925481251315432,0.12579533,-0.03324720944601722
2015-01-27,0.06994051799938461,0.091042005,-0.021101486526276858
2015-01-28,0.6540872769728594,0.06842812,0.5856591554656916
2015-01-30,0.6480807047314556,0.6254192,0.022661505264750303
2015-01-31,0.6442342886834922,0.60753053,0.03670375441606666
2015-02-01,0.6403881568930956,0.614578,0.025810148241362185
2015-02-02,0.6363642751452971,0.61086273,0.025501543211703392
2015-02-04,0.6294996796882515,0.6071408,0.022358900193012232
2015-02-05,0.6223689563898915,0.60133266,0.021036291900145443
2015-02-06,0.6163032311765164,0.59487045,0.021432783064028627
2015-02-08,0.6066275155558287,0.5889735,0.017653993369549426
2015-02-09,0.5994669459942088,0.58059466,0.018872287142585265
2015-02-11,0.5878085422541517,0.5735316,0.014276914599122392
2015-02-12,0.5797601295312234,0.5633663,0.01639383562405783
2015-02-18,0.39990338273901216,0.5552637,-0.15536031536203154
2015-02-19,0.39286104180155235,0.42323482,-0.030373778564353415
2015-02-20,0.4908401600710022,0.38474882,0.10609134358082883
2015-02-21,0.4767257437101762,0.45412964,0.022596107422486966
2015-02-22,0.4694171624755654,0.45449775,0.014919407901743398
2015-02-23,0.4626412082711795,0.45049733,0.01214387903610259
2015-02-24,0.4551847836391971,0.44364268,0.01154210776257969
2015-02-26,0.35040052281010503,0.43662822,-0.0862276996554101
2015-02-27,0.4409230171086165,0.35535514,0.08556787356155837
2015-02-28,0.4349758708376612,0.4113918,0.023584076156112133
2015-03-02,0.43873497535605566,0.41369325,0.0250417261304392
2015-03-03,0.4318407145956371,0.41887343,0.01296728529723623
2015-03-05,0.42485759153942126,0.4138049,0.011052702814140503
2015-03-07,0.41207496694960355,0.40754646,0.004528506321094028
2015-03-08,0.40319819197475226,0.39634132,0.0068568681222132
2015-03-10,0.4081119399193085,0.38734722,0.02076471854479678
2015-03-11,0.3989983149863292,0.38954198,0.009456331381898053
2015-03-12,0.25636539142351467,0.38271296,-0.12634756881971043
2015-03-13,0.38651141103628106,0.2712354,0.11527600463750787
2015-03-14,0.37893642340031874,0.35749012,0.021446301082050923
2015-03-15,0.37130225227019764,0.35951412,0.01178813502929188
2015-03-17,0.35538262468116955,0.35632122,-0.0009385909484080912
2015-03-18,0.3419489564939795,0.3424024,-0.0004534420922936988
2015-03-21,0.2985095700360034,0.3293249,-0.030815331067969964
2015-03-23,0.2894550459172933,0.29229867,-0.00284362866614174
2015-03-24,0.28205767197687237,0.2788828,0.0031748704441270093
2015-03-25,0.2691271015046368,0.27044946,-0.0013223580481280806
2015-03-27,0.2612267831345889,0.25872475,0.00250203404630156
2015-03-28,0.2527051815613959,0.25055778,0.0021474012955877697
2015-03-29,0.24587020454191588,0.24228513,0.0035850721337737923
2015-04-01,0.23296990892231406,0.23549123,-0.0025213221615558723
2015-04-02,0.12374648790273568,0.22380407,-0.10005758364286521
2015-04-03,0.22370827530039605,0.13209212,0.09161615703715142
2015-04-04,0.23835771510630366,0.2077082,0.030649520254428353
2015-04-06,0.23051646730027642,0.22299275,0.00752371927819695
2015-04-07,0.08708500841748901,0.22020166,-0.13311664780485444
2015-04-08,0.0793916917759816,0.10180451,-0.02241281798296768
2015-04-09,0.21125373170661987,0.07866332,0.13259041235733093
2015-04-10,0.2037675296546695,0.19473122,0.009036309051680291
2015-04-13,0.6531530148977254,0.1913595,0.46179350984039047
2015-04-14,0.6455191232089419,0.5967148,0.04880432857316919
2015-04-15,0.6348074292432102,0.60382795,0.03097947590458716
2015-04-16,0.530676073147788,0.6073288,-0.07665269939707287
